symbol,Open,High,Low,Close,Volume,ema_9,ema_10,vol_ma,rsi_daily,rsi_weekly,rsi_monthly,base_score,vol_surge,alpha_score,is_rocket,bullish_htf,signal
ADI,406.25,422.94000244140625,406.25,419.94000244140625,6628900,408.11065961009143,408.1418439638317,4349275.0,59.59339536196712,69.49007773846026,75.98282322921253,70.10783945946255,1.5241390806513728,95.10783945946255,False,True,True
EQIX,1086.93994140625,1088.72998046875,1076.2900390625,1077.6300048828125,1208900,1070.7840401975275,1070.6239385015015,589040.0,56.26555114086329,70.62106265437639,71.92391379530513,68.27110080804526,2.052322422925438,93.27110080804526,False,True,True
CSCO,120.54000091552734,120.7699966430664,117.0999984741211,118.33000183105467,26607200,114.18358924732088,113.340504493919,26766380.0,75.78248289853485,87.21977637177471,87.22669369409138,84.93508460605341,0.994052987366988,84.93508460605341,False,True,True
HON,233.1300048828125,235.9199981689453,230.6199951171875,231.72000122070312,6586800,222.09641849639155,221.59251679062095,4155305.0,66.4285117329461,57.00700951730957,54.89709581697803,58.04734448030426,1.5851543990152348,83.04734448030426,False,True,True
MU,820.5,916.7999877929688,820.2999877929688,895.8800048828125,76560800,761.8360219113969,755.2615943323625,52623555.0,74.85872140872887,81.53653452324724,81.26731470129147,80.09328397156125,1.454877003273534,80.09328397156125,False,True,True
INTC,122.0999984741211,125.62000274658205,117.3499984741211,123.5199966430664,108167300,116.92982445168319,116.28603963286,150132180.0,70.2284455291006,78.5818473784342,86.3320270488574,80.01123887673675,0.7204804459643496,80.01123887673675,False,True,True
BK,139.57000732421875,141.64999389648438,139.47500610351562,141.0500030517578,3905939,137.52397333653533,137.26435942342107,3503275.4,72.2001516795925,72.96870202767101,89.15964348636435,79.29136854153265,1.1149391794890005,79.29136854153265,False,True,True
AMD,484.739990234375,506.9599914550781,480.2300109863281,503.8900146484375,38473800,451.23164974424446,447.79243252785704,41789715.0,77.07048195389727,79.85719582337323,74.43260021992162,77.1300148080974,0.9206523662580613,77.1300148080974,False,True,True
CAT,884.9500122070312,909.5599975585938,878.02001953125,908.5499877929688,2255700,885.2471256353679,884.8501088401556,2593595.0,60.957949653246956,75.65238062884262,85.66571743628401,76.71882915670005,0.8697194434751764,76.71882915670005,False,True,True
LRCX,314.7699890136719,323.9800109863281,309.6499938964844,322.67999267578125,9763600,297.84695879277314,296.55936391946904,9341515.0,68.77158160078436,72.20942107246688,83.49149470600729,76.03468263154654,1.045183784428971,76.03468263154654,False,True,True
TXN,318.42999267578125,326.4200134277344,315.3500061035156,324.8900146484375,8480000,305.6331191656913,304.39026597544716,7457650.0,77.14774489605695,82.07218894744545,68.93781088764322,75.83354891324686,1.1370874202999603,75.83354891324686,False,True,True
ROST,236.2899932861328,236.2899932861328,231.08999633789065,234.67999267578125,3241900,222.96646746415595,222.61746974458208,2929580.0,65.4277101159771,72.21597081163613,82.82139609508266,75.10048878588293,1.1066091385113224,75.10048878588293,False,True,True
SNOW,176.88499450683594,181.27000427246097,174.5500030517578,177.60000610351562,12371900,165.57182174232383,164.59698707277997,7400820.0,69.35892793059817,48.55165637244309,40.898175423942845,49.65171830467401,1.6716931367064731,74.651718304674,False,False,False
QQQ,725.9600219726562,731.1699829101562,724.1599731445312,730.280029296875,34254700,713.4251251236248,712.0823039969681,39422170.0,75.34116394853113,74.76681728066974,73.72027145098522,74.46306828236821,0.8689196967087301,74.46306828236821,False,True,True
U,26.719999313354492,27.67799949645996,26.649999618530273,26.770000457763672,17103200,26.39172481976973,26.412849887852897,11213745.0,55.61406237700466,45.012632136125184,49.849518748123984,49.0676728291006,1.5251996545311133,74.0676728291006,False,False,False
KLAC,1936.7099609375,2022.81005859375,1914.3299560546875,2011.3900146484375,1150300,1862.9320746170092,1857.8403809062079,1079895.0,66.26983950630861,66.08265198475927,85.77692508450704,73.99779872896825,1.0651961533297218,73.99779872896825,False,True,True
ARM,315.7099914550781,325.0,300.0,321.2200012207031,10899800,266.3933778043857,262.579214373867,11888925.0,78.52930553006001,80.19525145094036,65.10257899201122,73.82499328319264,0.9168028227951645,73.82499328319264,False,True,True
SPY,750.010009765625,752.1300048828125,748.3699951171875,750.5900268554688,41123600,741.9000052298503,741.138069248006,47930260.0,71.35875806289685,71.49624588721325,74.18934096044478,72.5459863516426,0.8579882520979439,72.5459863516426,False,True,True
MS,202.8500061035156,203.9199981689453,199.8699951171875,201.7599945068359,5567400,196.94298719447667,196.5326322541906,5222920.0,68.5633104425164,69.71658659702176,75.89569070167735,71.95757300798293,1.0659554425493785,71.95757300798293,False,True,True
AMAT,444.739990234375,456.7799987792969,438.0,454.8900146484375,8044400,431.08794501058804,430.10320782908974,7852855.0,64.36163477443296,70.2124062615035,76.84521974576647,71.69537735779458,1.02439176579728,71.69537735779458,False,True,True
GS,1006.530029296875,1016.5399780273438,987.030029296875,994.52001953125,2080600,971.1493177616521,968.8581919833655,1946665.0,65.60439051737492,69.33809803743058,75.24410733273301,70.95376025154042,1.068802284933463,70.95376025154042,False,True,True
NXPI,320.2900085449219,334.8999938964844,318.0,332.6700134277344,4618900,306.90115540671627,305.3790146726273,4348870.0,73.31655884945775,75.16020454682564,65.11014896859523,70.77145317605991,1.0620919917127898,70.77145317605991,False,True,True
FTNT,132.97999572753906,134.91000366210938,130.60000610351562,133.9600067138672,4820100,126.12277531028035,124.92224273982983,6199320.0,88.22608532744928,79.36715631545178,52.47822496346767,70.38336957705764,0.7775207603414568,70.38336957705764,False,True,True
AAPL,309.55999755859375,311.82000732421875,307.6700134277344,308.3299865722656,48000500,301.7752966615181,300.90948328952203,48726165.0,77.63482154043137,72.33506199959797,64.35450795493907,70.2027922899011,0.9851072827094026,70.2027922899011,False,True,True
GOOGL,384.510009765625,389.260009765625,382.6000061035156,388.8800048828125,27747400,389.0621371395324,388.83685782106954,29512920.0,61.01706241061452,68.03560621776263,76.09900276853152,69.85725607664057,0.940178064386716,69.85725607664057,False,True,False
GOOG,380.9949951171875,385.3900146484375,379.1400146484375,384.8399963378906,16150900,385.3957951673949,385.2068260872721,19363580.0,60.7240058292991,67.63366280927713,75.73759269616534,69.4933033680368,0.8340864654160026,69.4933033680368,False,True,False
SLB,57.20000076293945,58.81999969482422,57.040000915527344,57.97999954223633,13452400,56.81705352412446,56.71544080965075,11643430.0,65.31734301982561,65.79291933443231,74.79794935404166,69.29981607935471,1.1553640121510587,69.29981607935471,False,True,True
FDX,397.2300109863281,403.0299987792969,397.2099914550781,400.0,1243500,386.2281356757773,385.5685310566015,1592285.0,61.85652265425122,67.24492048312857,74.81123608968755,69.19376715997669,0.7809531585111962,69.19376715997669,False,True,True
ASML,1641.8499755859375,1648.010009765625,1604.25,1632.030029296875,1651000,1566.7093710999536,1561.9845638933132,1671955.0,62.12845163848912,69.17590791077198,72.55858291035157,69.11948665614725,0.9874667679453095,69.11948665614725,False,True,True
C,126.25,127.43000030517578,125.26000213623048,126.86000061035156,8966900,124.94864296407528,124.96702477420214,11053960.0,55.5452947797953,60.70982556851577,83.5157687890177,68.79929669897246,0.811193454653355,68.79929669897246,False,True,True
MAR,369.8500061035156,374.5700073242187,368.760009765625,373.80999755859375,1105600,364.23152568834917,363.5805456175014,1345490.0,65.71802042168409,64.61640387025692,74.10324805681603,68.631464855166,0.8217080766114947,68.631464855166,False,True,True
BEN,31.600000381469727,31.719999313354492,31.239999771118164,31.670000076293945,3832000,31.265176888834432,31.226421438698914,5139615.0,64.33510478093257,69.58707354360675,69.17992935782436,68.37382211675896,0.7455811378867873,68.37382211675896,False,True,True
CRWD,665.0,677.5,648.0,671.5499877929688,2079900,622.9958111195119,616.8408950505707,3019150.0,87.43823616014836,72.64274526515321,54.44127699929627,68.32125613780947,0.6889025056721263,68.32125613780947,False,True,True
ADM,77.8499984741211,79.2300033569336,76.8499984741211,78.01000213623047,3308100,78.23098406170357,78.18965852390691,4275430.0,56.891968590770496,63.87309432690479,74.54752417294691,66.74664111809479,0.7737467342466138,66.74664111809479,False,True,False
QCOM,240.72000122070312,258.0,235.8000030517578,248.82000732421875,30646400,218.04873320378817,216.1947383378089,31458915.0,74.09348571526614,74.3565687606434,55.10718591864848,66.60419901476999,0.9741721861672598,66.60419901476999,False,True,True
AVGO,418.5,435.30999755859375,417.0,422.010009765625,22562900,418.9071475624824,418.9096287471332,18870305.0,56.46095970344692,64.42159042704148,72.96799300461704,66.2480253133528,1.1956828466736493,66.2480253133528,False,True,True
MO,74.0,74.11000061035156,71.80000305175781,72.37000274658203,9219500,72.74921028982561,72.6296541075581,9744985.0,57.08541727549029,63.288812969232744,73.6719376297102,66.20138369467523,0.9460763664592609,66.20138369467523,False,True,False
KMI,33.630001068115234,33.689998626708984,32.849998474121094,32.869998931884766,8509300,33.28868451959378,33.2464312714541,10470940.0,51.30825742373283,65.58395208467356,73.22081129006101,65.7835568346404,0.8126586533778247,65.7835568346404,False,True,False
PLD,146.99000549316406,147.92999267578125,146.50999450683594,146.94000244140625,2480300,144.3066807017027,144.14291963120885,3001970.0,64.43161052979531,64.327377087572,67.72909812163368,65.70891218964134,0.8262241128325732,65.70891218964134,False,True,True
PANW,258.1700134277344,259.8399963378906,250.77000427246097,256.75,7164000,243.53421172695022,241.3784911368278,7835065.0,79.4740823329592,73.33844414701808,51.09880479112608,65.66971604184951,0.9143510615419272,65.66971604184951,False,True,True
RIOT,25.155000686645508,26.299999237060547,25.13999938964844,26.079999923706055,16734000,24.176104463854305,24.040469602357295,19065410.0,70.87366327498165,69.97989090001563,58.51141752025174,65.57125602310329,0.877715192067729,65.57125602310329,False,True,True
ROKU,127.0,129.14999389648438,125.27999877929688,127.61000061035156,1536400,125.13285488823638,124.99461197085684,2628050.0,63.68440288946682,63.85561569459047,68.18130971610843,65.55165074217292,0.5846159700157911,65.55165074217292,False,True,True
BKR,66.05999755859375,67.91999816894531,65.81999969482422,66.7300033569336,8303600,65.9483919971698,65.91399297731813,7609600.0,56.498012198219065,60.93963437366645,74.4069896774341,65.43825206008404,1.0912005887300251,65.43825206008404,False,True,True
MCHP,95.83999633789062,99.97000122070312,95.22000122070312,98.0500030517578,13087000,94.37140446621281,94.31509295373546,11602265.0,63.63306667387843,68.16388957985365,62.327690846497084,64.92324550531599,1.1279694094213502,64.92324550531599,False,True,True
KO,80.83999633789062,81.5999984741211,80.23999786376953,80.45999908447266,13004200,80.76120432908488,80.67257082414555,14920360.0,58.01374081628655,67.15737444926964,65.47729765209021,64.65661700380124,0.8715741443235954,64.65661700380124,False,True,False
SPG,205.27000427246097,207.1499938964844,204.6000061035156,206.94000244140625,1257600,203.75680312290376,203.61945369055954,1351925.0,59.88969531592427,62.48938352721548,67.87964469310924,64.12555035131476,0.9302291177395196,64.12555035131476,False,True,True
JNJ,233.0,233.2400054931641,229.0800018310547,230.17999267578125,6619600,228.874841496316,228.66418410151377,7490100.0,52.865800190313095,59.607967562012576,73.79665969583677,63.93501094120236,0.8837799228314709,63.93501094120236,False,True,True
CVS,93.05999755859376,93.51000213623048,90.70999908447266,90.7300033569336,5623600,92.76013972992143,92.58686782401149,8902820.0,57.360410233296854,66.8445324668823,64.2344583138678,63.90367835895942,0.6316650229927147,63.90367835895942,False,True,False
WBD,27.0,27.040000915527344,26.899999618530273,27.0,23876200,27.106662422469608,27.109762673566046,15951460.0,44.674732174042276,59.152499807263446,77.39605544448355,63.55436853550725,1.4968034273978683,63.55436853550725,False,True,False
TJX,158.3000030517578,159.80999755859375,157.0,158.97000122070312,4721700,155.10781396821358,154.88783605615055,5861155.0,59.34881395231645,56.6252716995375,72.2715874853559,63.42850646442066,0.8055920718697935,63.42850646442066,False,True,True
VZ,48.290000915527344,48.689998626708984,47.86000061035156,48.4900016784668,23013700,47.83478831998179,47.78957703156806,20865345.0,59.0432162784958,60.264663890208354,68.50826433515829,63.31781454584582,1.1029628314317352,63.31781454584582,False,True,True
AEP,131.94000244140625,132.1199951171875,130.52000427246094,130.89999389648438,5996400,129.94658902534118,129.97860527291732,4810555.0,50.31070558453058,57.3208512898075,75.23837479481426,63.085831550754826,1.2465089786937267,63.085831550754826,False,True,True
AMZN,267.94000244140625,269.29998779296875,262.07000732421875,265.2900085449219,38028100,265.87464611622266,265.8568089929937,43519735.0,56.612868445410385,64.31265166254983,64.62679239169412,62.89835131077966,0.8738127656337981,62.89835131077966,False,True,False
F,14.779999732971191,15.550000190734863,14.779999732971191,15.31999969482422,90423300,13.851664760524741,13.759292969972273,73896165.0,71.96353734483185,66.06299256791311,54.794045689938635,62.735522772107075,1.223653487295315,62.735522772107075,False,True,True
CDNS,380.0,383.239990234375,369.6199951171875,381.75,1964700,360.46956872423993,359.39732137778935,2260320.0,71.4728246882012,64.64899687405591,56.12361630358426,62.6036102086963,0.8692132087492036,62.6036102086963,False,True,True
NVDA,216.5399932861328,218.17999267578125,212.0,214.86000061035156,187202600,218.70359466274755,218.54184560271702,162652965.0,53.262225860661275,62.09812807613657,66.8682076202958,62.23897945070521,1.150932600583088,62.23897945070521,False,True,False
LIN,517.8499755859375,519.0800170898438,512.6900024414062,514.969970703125,2099100,510.9144142911398,510.45679337107964,2047515.0,57.891922547648846,63.821831596936995,62.2360900846397,62.00155318216045,1.025193954623043,62.00155318216045,False,True,True
GM,79.30000305175781,80.16999816894531,78.66999816894531,79.79000091552734,5021700,77.06207599239599,76.99261277097828,7263520.0,58.19856126752766,55.857263054421864,69.98298922934322,61.975813167011566,0.6913590105073022,61.975813167011566,False,True,True
UNP,266.2200012207031,272.6600036621094,266.1499938964844,271.1000061035156,3092300,268.1224022631676,267.9873354551174,2678450.0,59.60588604977743,62.31652615317653,62.42347361104792,61.817177115645265,1.1545110044988707,61.817177115645265,False,True,True
ZM,105.21499633789062,105.21499633789062,99.66000366210938,100.08999633789062,5426500,100.70523493299207,100.69844976718711,5721615.0,52.92399763918012,63.32831856945202,64.20424720149734,61.597825836215776,0.948421031474505,61.597825836215776,False,True,False
BMY,59.619998931884766,59.779998779296875,58.029998779296875,58.029998779296875,8159500,58.15936608759363,58.100819344758165,10305855.0,50.42715065060822,59.44961721238423,68.66483152750334,61.33120962607668,0.7917344072859555,61.33120962607668,False,True,False
MET,83.81999969482422,84.5199966430664,82.81999969482422,83.2699966430664,3381000,81.93725190969955,81.72795230389457,3299035.0,68.23298349060002,63.1930876483934,55.39807700103865,61.08306255789283,1.0248451441103232,61.08306255789283,False,True,True
XOM,153.5,154.5500030517578,149.47000122070312,149.80999755859375,13057800,154.13270858722098,154.0423064477984,17307210.0,45.283789910747174,59.64583784164181,69.92469512770339,60.884971169887514,0.7544716912777969,60.884971169887514,False,True,False
PM,189.77999877929688,190.0,181.1199951171875,181.52999877929688,4945300,185.90025496578934,185.48258957091363,4823830.0,54.83060038227522,64.7242532894114,60.01930241835017,60.86354235955967,1.0251812356571437,60.86354235955967,False,True,False
USB,55.15999984741211,55.4900016784668,54.7400016784668,55.220001220703125,5636200,54.47100553834985,54.47457587105871,8216965.0,54.03707066868325,54.53562617090899,69.7173340998006,60.50859824202049,0.6859223569773024,60.50859824202049,False,True,True
TGT,126.5199966430664,126.8499984741211,124.0500030517578,125.43000030517578,4455500,124.59364270656783,124.5527105589624,5937000.0,52.60610025610873,64.6724932216066,60.17150634861283,60.45881987930952,0.7504631969007917,60.45881987930952,False,True,True
MRK,122.9000015258789,123.12999725341795,119.41000366210938,119.72000122070312,10008700,116.13236142262917,115.87350713486632,8953875.0,60.469703746251426,64.84742178574507,55.81971963143345,60.3607973161217,1.1178065362761933,60.3607973161217,False,True,True
SCCO,184.4900054931641,190.0,184.0099945068359,189.8800048828125,1066300,180.2611922667062,180.07548376688203,1356692.25,58.58932213678466,55.73477934042002,64.47002540188072,59.799786324277235,0.7859556948158287,59.799786324277235,False,True,True
JPM,308.489990234375,309.92999267578125,305.44000244140625,306.739990234375,7725400,303.4112859339468,303.42750828685564,7991840.0,53.18886328132476,52.66286341215943,69.90414445125332,59.66457580163005,0.9666609942140983,59.66457580163005,False,True,True
LLY,1075.0,1082.0,1060.3599853515625,1064.739990234375,2981000,1027.106918340147,1023.3208111941249,3463205.0,68.56311689456659,60.465240822273394,53.839971141483375,59.43470816441603,0.8607633680362554,59.43470816441603,False,True,True
CVX,190.0,190.4900054931641,183.8999938964844,184.7100067138672,14264600,189.15229923351475,189.05979493840618,10229525.0,44.714943976665495,60.16564261185322,65.65492947100248,59.271217628475384,1.3944537991744486,59.271217628475384,False,True,False
DUK,125.6999969482422,125.80999755859376,124.9499969482422,124.97000122070312,2877000,124.36947279935485,124.35995170958198,3206775.0,49.44172982587906,52.88828513420497,70.40309469425793,59.20489789656098,0.897163037631265,59.20489789656098,False,True,True
WMT,120.69000244140624,121.0500030517578,117.91999816894533,118.56999969482422,28796600,125.87399219518018,126.23950115446277,19769405.0,32.047811265951594,49.25640077459784,82.51677245096421,59.11883154341514,1.4566245165193388,59.11883154341514,False,False,False
SO,94.8000030517578,94.8000030517578,93.75,94.08999633789062,4168900,93.72867426939732,93.68597051112127,5681930.0,52.26734202883173,54.6574649997203,66.94321880825231,59.093741928955396,0.7337119605486164,59.093741928955396,False,True,True
CB,328.0,329.7799987792969,323.80999755859375,325.45001220703125,1509800,326.4761893462443,326.32620227631963,1508760.0,49.544248219161396,58.42528178288586,63.98060278785541,58.8712034721288,1.000689307775922,58.8712034721288,False,True,False
GILD,135.25,136.32000732421875,133.67999267578125,133.72999572753906,6408900,132.21639236820445,132.20606418419175,6151335.0,51.18006344497486,52.48343497356791,69.04329724481434,58.84670557634788,1.0418713986476107,58.84670557634788,False,True,True
GD,345.0400085449219,345.2699890136719,341.32000732421875,344.6400146484375,1270000,341.68589067595144,341.59867940364876,1386120.0,54.52513966092262,51.58427892172756,67.5145767823542,58.54457021381723,0.9162265893284852,58.54457021381723,False,True,True
NET,216.25,221.11000061035156,208.2400054931641,217.5399932861328,3458300,210.59085835104588,210.37544101934247,4822625.0,54.76678925409033,55.13443039337691,63.29836619545193,58.326476486349605,0.7170990902257588,58.326476486349605,False,True,True
COP,118.75,119.88999938964844,116.18000030517578,116.56999969482422,7178800,120.16489903676921,120.19419535530795,7502900.0,42.82042175383877,58.118021845282136,65.83161908677565,58.14394072359087,0.956803369363846,58.14394072359087,False,True,False
OXY,58.400001525878906,59.099998474121094,57.459999084472656,57.459999084472656,10570000,58.288233735233185,58.243445729282854,12587330.0,48.480426370914344,58.969280773959355,61.93389611964513,58.057356031624664,0.8397332873611798,58.057356031624664,False,True,False
BAC,52.220001220703125,52.5,51.880001068115234,52.20000076293945,27397600,51.382595517771065,51.377766001747126,32516775.0,55.43374337754136,51.75879960879347,65.47949248350254,57.98206551242668,0.8425681821152313,57.98206551242668,False,True,True
GE,306.3500061035156,314.9800109863281,306.3500061035156,314.489990234375,5084200,299.39015745881017,298.81391084720764,5659395.0,61.77347392088797,51.86597568258589,62.15802277125948,57.96429416571575,0.8983645778391507,57.96429416571575,False,True,True
SNPS,529.969970703125,539.47998046875,524.1799926757812,534.5599975585938,1792100,511.9998606753248,510.9347827666242,1533155.0,71.66172728023896,59.70653812116447,48.64253733090395,57.67197563687516,1.168896817347235,57.67197563687516,False,False,False
TSLA,430.260009765625,435.2000122070313,426.1199951171875,433.5899963378906,45658900,422.2360444833552,421.5350882553522,53833825.0,60.8635268412969,55.78371125407469,56.99357144594782,57.283618448268385,0.8481451949587457,57.283618448268385,False,True,True
SBUX,103.08000183105467,103.97000122070312,100.8000030517578,101.41999816894533,9099100,104.2701841220147,104.3040280081731,8447190.0,45.320728255215016,58.87512470768315,60.87809701914058,56.9654343417725,1.077174776464126,56.9654343417725,False,True,False
UNH,386.0,386.5199890136719,376.4100036621094,376.8599853515625,6498100,384.5140969203002,384.19386095369515,6954610.0,56.85699148237875,65.56123648457287,48.29842176550832,56.91526159650824,0.9343586484360733,56.91526159650824,False,False,False
ALL,215.3000030517578,217.8699951171875,212.77999877929688,212.82000732421875,1298700,216.89881862702921,216.9290325255842,1749045.0,45.48814917241947,57.8266583765661,61.05078336507955,56.648606531142164,0.7425194892069672,56.648606531142164,False,True,False
COST,1026.1300048828125,1027.5,996.1599731445312,1002.9299926757812,2704600,1038.4724277275498,1038.133149480711,1996265.0,43.97855811366294,58.575080395281994,60.44460399675535,56.40358537954753,1.354830145296341,56.40358537954753,False,True,False
NEE,89.12999725341797,89.5,87.52999877929688,87.6500015258789,11759500,90.22709731367249,90.46825389028888,11669290.0,37.14438521834092,50.04494362864877,72.35221855795754,56.38774191831072,1.0077305474454743,56.38774191831072,False,True,False
BLK,1077.5,1084.449951171875,1071.1099853515625,1077.4000244140625,507400,1070.678639260944,1070.5980366630047,557130.0,55.277118415630554,53.94614182818578,57.87703165687322,55.78469307714971,0.910738965771005,55.78469307714971,False,True,True
ABBV,215.9199981689453,217.0500030517578,211.91000366210935,213.1199951171875,4706700,211.89974622729622,211.5762992781389,6037795.0,56.800307787800755,52.367034061874676,58.26167209654782,55.61154402092915,0.7795395504484667,55.61154402092915,False,True,True
MARA,14.239999771118164,14.869999885559082,14.079999923706056,14.279999732971191,42643500,13.279015987943943,13.21408138034439,44246125.0,68.17276607220064,60.132802106317826,44.20105606382594,55.36809648249764,0.9637793140077239,55.36809648249764,False,False,False
INTU,314.4700012207031,317.05999755859375,302.3800048828125,304.3500061035156,9770100,351.7930086840497,354.7778623471298,4551135.0,30.577806303686188,30.173764031145822,29.956452710537533,30.16764795741058,2.14673921999677,55.16764795741058,False,False,False
CL,90.56999969482422,91.20999908447266,89.45999908447266,89.8499984741211,5811800,89.4949992272181,89.3567634933713,5414365.0,59.99399004218495,58.635676973437626,48.33151072329566,54.785673087130306,1.07340380635587,54.785673087130306,False,False,False
EXC,46.209999084472656,46.5099983215332,45.91999816894531,46.029998779296875,9208500,45.22672073986134,45.205731775067115,8438830.0,52.56622154704287,50.94766581465594,59.434182443000374,54.66598361247111,1.0912057714161798,54.66598361247111,False,True,True
FAST,44.0099983215332,44.619998931884766,43.959999084472656,44.45000076293945,5706700,43.919395697317185,43.926289755454,6614655.0,51.2821834981271,48.90705922538102,61.15019354818248,54.27933780905082,0.8627358494131591,54.27933780905082,False,False,False
MDLZ,61.939998626708984,62.52000045776367,61.220001220703125,61.2400016784668,7829300,61.3829430628021,61.348977811465744,7665190.0,56.04969701509474,57.40868700235515,50.189410039594286,54.24917821979873,1.0214097758829201,54.24917821979873,False,True,False
AMGN,340.55999755859375,342.489990234375,335.20001220703125,335.94000244140625,1860200,333.69837769454756,333.53409995527676,2750340.0,50.300674989497324,51.48523338732927,58.82451803738601,54.18403556778558,0.6763527418428267,54.18403556778558,False,True,True
MMM,153.1199951171875,154.58999633789062,152.0500030517578,154.02999877929688,2319100,149.69695395823786,149.37906248560734,3922510.0,62.787506657555085,50.137880930239135,53.886018056939506,54.167060926382476,0.591228575580432,54.167060926382476,False,True,True
V,326.4599914550781,328.5,324.510009765625,326.4800109863281,8705100,327.5338047784252,327.24483541300185,8145390.0,55.04824017370151,53.422039636367344,54.35521517399704,54.12054995888605,1.0687149418259898,54.12054995888605,False,True,False
RTX,178.0,179.2100067138672,176.07000732421875,178.97000122070312,5529700,176.02305705757573,176.00538679656697,5669080.0,49.87533255764361,45.85314344577274,64.28556456037973,54.030549713989714,0.9754140001552281,54.030549713989714,False,False,False
KDP,29.010000228881836,30.219999313354492,29.010000228881836,29.549999237060547,14386000,29.061869134385173,29.039416217161467,10110970.0,62.01362709203047,55.667298026028654,48.08393389362583,53.90321818626789,1.4228110656049815,53.90321818626789,False,False,False
EMR,137.75,141.1699981689453,136.80999755859375,140.97000122070312,2689600,136.30661577145477,136.335909926306,3139315.0,55.82147203984635,49.40970079853418,57.24766603209726,53.82724114022185,0.856747411457595,53.82724114022185,False,False,False
ORCL,193.3000030517578,195.1999969482422,190.55999755859375,193.05999755859375,12856100,189.69235185586092,189.38944025357537,21029165.0,60.142677125099524,54.59116488429422,48.05140518657168,53.08556345336627,0.611346194677725,53.08556345336627,False,False,False
DOW,36.209999084472656,36.29999923706055,35.02000045776367,35.279998779296875,14114900,36.917333766849225,37.040864492439795,10945785.0,36.490805219505,55.40928249141415,58.719299000145774,52.94959364052498,1.2895283435587306,52.94959364052498,False,True,False
PFE,25.8700008392334,25.899999618530273,25.65999984741211,25.850000381469727,29084700,25.8025624979631,25.80723939574134,36480750.0,46.4966375531075,51.15580018206769,57.08943329156562,52.59742090007483,0.7972615694578647,52.59742090007483,False,True,True
UPS,101.51000213623048,102.66999816894533,101.44000244140624,101.97000122070312,4609600,99.17258771376915,99.12134820871611,6513615.0,56.142084526375136,51.41619249016866,51.70595050756031,52.477274104366614,0.7076868989032972,52.477274104366614,False,True,True
BA,221.3000030517578,222.41000366210935,217.91000366210935,218.8999938964844,5908000,222.19407059293414,222.60744697547815,6750180.0,44.744822583752196,49.47397709737761,59.093657291757005,52.37601827240428,0.8752359196347357,52.37601827240428,False,False,False
IBM,254.5500030517578,254.5500030517578,245.4499969482422,250.69000244140625,9256100,237.25283726658884,236.3534243770311,7606360.0,63.68650497419136,49.770159926188526,48.460749815090125,52.02966489134973,1.2168895503236765,52.02966489134973,False,False,False
DE,530.0,531.75,523.8099975585938,529.1199951171875,1419100,549.8381500776505,551.6722723645966,1171020.0,32.967791694613,46.095938671693496,67.47849111513136,52.023330253652546,1.211849498727605,52.023330253652546,False,False,False
AMT,183.7899932861328,186.9900054931641,182.97000122070312,184.9499969482422,2795400,181.29539764557765,181.02009555412354,2973515.0,60.32877479141615,52.414445805020655,47.33482918866069,51.96546495575577,0.9400995118571791,51.96546495575577,False,False,False
WFC,76.91000366210938,77.66999816894531,76.7699966430664,77.5199966430664,21956700,75.98689701435524,76.01330450961022,17039805.0,50.62929048762908,44.1099102418718,59.395602854954355,51.528063336256274,1.288553478164803,51.528063336256274,False,False,False
ORLY,89.70999908447266,90.8000030517578,86.80000305175781,89.87000274658203,9060100,91.3900116822363,91.45692478264684,6147515.0,42.308349949239364,46.94311758037091,59.78502877854972,51.15292853341613,1.4737824958540158,51.15292853341613,False,False,False
JD,30.170000076293945,30.3700008392334,29.829999923706055,29.989999771118164,13539700,31.236357295821424,31.246831640211237,11212325.0,45.33972224288116,54.85132333995295,50.26903027565116,51.11608589481788,1.2075729164111815,51.11608589481788,False,True,False
PLTR,136.16000366210938,138.67999267578125,133.3000030517578,136.60000610351562,31723900,136.32337198616756,136.36272776775155,40668880.0,47.07474170859514,44.391365266967135,59.50130043980409,50.972014624427516,0.7800534462714488,50.972014624427516,False,False,False
BRK-B,485.5,487.7799987792969,483.2099914550781,483.6199951171875,4348600,482.40108828022613,482.1378073026491,4837875.0,54.877126385469715,50.22884835036823,49.70699752874323,50.94976362873854,0.8988657210035398,50.94976362873854,False,False,False
SMCI,36.0,37.90999984741211,35.43000030517578,37.099998474121094,43169000,33.69527274906199,33.50145795391605,38913640.0,67.42265274961659,54.46207183696361,38.93813395778242,50.84461286782174,1.1093539437585382,50.84461286782174,False,False,False
ABNB,132.3699951171875,136.0800018310547,132.26499938964844,132.67999267578125,3331100,133.99434821219666,134.18352507440798,4101135.0,44.1147404273734,50.643806925500556,54.26313486968369,50.785724803548376,0.8122385632270092,50.785724803548376,False,True,False
CI,283.0,284.239990234375,279.6700134277344,280.8299865722656,2321800,285.6569521607411,285.7959313780124,1768550.0,47.24760136913803,54.223553714829556,48.4372390090864,50.513837363393996,1.3128268920867376,50.513837363393996,False,False,False
T,25.13999938964844,25.34000015258789,24.86000061035156,25.020000457763672,32461200,25.030638547949067,25.041873369105673,34262380.0,44.10765701950954,45.494374964913,57.62979136575246,50.0711979361681,0.9474298049347418,50.0711979361681,False,False,False
AXP,314.0400085449219,314.57000732421875,309.6000061035156,310.7200012207031,2410400,311.6715099489482,311.90038747801447,3262190.0,45.02465474538619,44.54381835848464,56.24197105250703,49.319246713473916,0.7388901320891793,49.319246713473916,False,False,False
SCHW,89.69999694824219,90.41999816894533,89.37000274658203,89.4000015258789,8359900,90.33665270457298,90.36590543597207,9657600.0,44.08537319427441,44.43199936159426,56.80860321870172,49.313315670973275,0.865629141815772,49.313315670973275,False,False,False
AIG,77.22000122070312,78.29000091552734,76.9000015258789,77.19000244140625,2302500,77.2904018236252,77.25211809452175,4766390.0,51.48521750396602,49.77227604241449,47.380178608429986,49.158025361130996,0.4830699963704187,49.158025361130996,False,False,False
EL,88.55999755859375,88.80000305175781,86.08000183105469,86.5999984741211,3597800,82.52633468061548,82.37416489047074,3850300.0,59.45981101494792,49.68168690508778,42.487064320820394,48.75946269335285,0.9344206944913384,48.75946269335285,False,False,False
PEP,149.7100067138672,150.25,145.5,145.67999267578125,9059200,149.37339736193076,149.58835625422896,6381885.0,35.249542176339276,48.07485041855606,55.840511262121844,48.61605310753902,1.419517901059013,48.61605310753902,False,False,False
LMT,536.0,536.02001953125,529.0,532.9000244140625,1346600,525.8562787278524,525.5861862231637,1339840.0,47.104776075105256,45.18028781794778,52.17084453910627,48.361408157842675,1.005045378552663,48.361408157842675,False,False,False
DIS,103.0999984741211,103.8000030517578,102.3499984741211,103.27999877929688,6714400,103.6948024870868,103.73880114306355,9124845.0,49.450076937826296,47.36853945146472,48.26507949038988,48.143462964307105,0.7358371566859492,48.143462964307105,False,False,False
META,608.8900146484375,614.469970703125,605.2999877929688,612.3400268554688,12234200,610.6255005131728,611.1009909277967,16148985.0,46.457180069531766,46.32111137975366,50.23909830094106,47.91551988618425,0.7575832165303268,47.91551988618425,False,False,False
MSFT,416.4299926757813,419.7699890136719,413.0199890136719,416.0299987792969,30398000,416.8647947392351,416.6872576181494,34139210.0,52.94638339334872,47.801959493184334,44.83839836352242,47.64541982135245,0.8904131056342546,47.64541982135245,False,False,False
COF,188.1699981689453,190.6699981689453,185.61000061035156,186.4199981689453,4161600,186.37644843443667,186.44931134115572,4362850.0,46.95297934396957,42.83917251818135,51.71425993220102,47.21196884894686,0.9538718956645312,47.21196884894686,False,False,False
VRTX,437.989990234375,441.989990234375,433.7900085449219,435.9299926757813,865800,435.62334663695196,435.64043585611495,1253785.0,49.27161699861005,46.566814262317564,45.55256363521307,46.70207455873427,0.6905490175747836,46.70207455873427,False,False,False
SHOP,103.2300033569336,105.0999984741211,102.31999969482422,104.9000015258789,7984000,103.98915456693626,104.25144064327847,13961915.0,43.90280632575475,39.599832493116985,53.99355235458055,46.21791520422997,0.5718413269239929,46.21791520422997,False,False,False
PG,144.50999450683594,145.61000061035156,142.52999877929688,142.9600067138672,8157200,143.2265780427881,143.27766115622813,7932700.0,46.7542872976654,45.74969985676282,45.64698420644546,45.90953108481639,1.0283005786176207,45.90953108481639,False,False,False
KHC,23.80500030517578,24.100000381469727,23.69499969482422,23.850000381469727,15194400,23.4956569732729,23.464101681182502,14815350.0,61.899486061345236,51.511599931043385,32.21845827427458,45.87192049439624,1.0255849507436543,45.87192049439624,False,False,False
HOOD,74.49500274658203,76.04000091552734,73.45500183105469,74.08999633789062,20130200,75.71093479657668,75.86684212968817,25368365.0,44.6553941117655,41.32379371082649,50.86899329483586,45.80819362461804,0.793515861191685,45.80819362461804,False,False,False
NFLX,88.4000015258789,88.7300033569336,87.25,87.68000030517578,24014500,88.42528451744252,88.4854308278458,33225055.0,41.433769463572546,43.1195636709307,50.128864322637014,45.5861250901416,0.7227828516762426,45.5861250901416,False,False,False
MA,496.0,496.8500061035156,492.05999755859375,493.010009765625,1947300,497.4322183261623,497.5822000812968,3820745.0,44.717047228744036,42.5541301761196,45.81568105645212,44.29133393877749,0.5096649998887651,44.29133393877749,False,False,False
ADP,221.83999633789065,223.47999572753903,218.27999877929688,218.3500061035156,2374400,218.44972176905955,218.00989482051324,3021030.0,56.17213372008894,48.79175520841507,33.030848761715106,43.96346833206986,0.7859571073441839,43.96346833206986,False,False,False
MSTR,160.8300018310547,167.0,159.27999877929688,159.92999267578125,11819500,167.69264005628506,168.33431592884287,14806245.0,44.66677029337639,44.24379803405507,43.29010372415496,43.94691476195929,0.798278023901401,43.94691476195929,False,False,False
TMUS,190.47000122070312,192.80999755859375,188.27000427246097,191.11000061035156,4024000,191.02275536815827,191.06914624650292,5075465.0,46.86918440824154,42.004348487598065,44.37468017097704,43.92544834507835,0.7928337600594231,43.92544834507835,False,False,False
CTAS,172.3800048828125,172.72000122070312,170.22999572753906,171.08999633789062,1384300,170.82309587592607,170.71389337708638,1935530.0,49.0309829721072,41.47792860398583,42.97334039006745,43.58670419204275,0.7152046209565339,43.58670419204275,False,False,False
ADSK,238.0800018310547,240.72000122070312,234.3699951171875,238.22999572753903,2097800,240.17066579218016,240.16795061697798,1860610.0,48.02857541669737,44.044712399406215,39.91535291992934,43.1897412110737,1.1274796975185557,43.1897412110737,False,False,False
SOFI,16.479999542236328,16.950000762939453,15.859999656677246,15.979999542236328,80583400,15.774141914808455,15.798226834847283,70438450.0,46.48499879874557,36.25554763434201,48.455507228028736,43.181421704697414,1.1440257416226507,43.181421704697414,False,False,False
BKNG,162.85000610351562,166.24000549316406,162.11000061035156,163.3000030517578,6369700,159.84727971561188,160.02918261891338,7916955.0,47.649565870483016,40.55724229946408,43.15177870944201,43.01352157765905,0.8045643811288558,43.01352157765905,False,False,False
MCD,281.0199890136719,282.0199890136719,278.7099914550781,279.260009765625,4227400,280.71451392707723,280.84289322654814,4308890.0,38.70342533607526,36.77131139742474,50.87451057586948,42.799013856532746,0.9810879368004288,42.799013856532746,False,False,False
COIN,186.07000732421875,187.8000030517578,179.11000061035156,180.00999450683594,7755000,191.22188567384714,191.79631792361124,9653440.0,42.11160095097969,42.42967141384529,43.30708209997439,42.717021595723814,0.8033405708224218,42.717021595723814,False,False,False
MELI,1657.989990234375,1659.6500244140625,1616.469970703125,1648.0400390625,497900,1644.9918228986526,1647.2311211542087,728150.0,45.08174442532197,40.791582021957936,43.19842939860503,42.61235345328958,0.6837876811096615,42.61235345328958,False,False,False
ISRG,439.4200134277344,442.94000244140625,434.1499938964844,436.6400146484375,1688500,438.98675343335896,439.3024237191115,2171330.0,43.81724592120525,39.35653261739382,45.25922962629779,42.609754081717696,0.7776339847006213,42.609754081717696,False,False,False
SYK,314.5199890136719,315.69000244140625,310.3500061035156,313.0,2834600,311.6264043749054,311.2067100913564,3044220.0,49.42518190155772,42.11515873593652,38.88588009794969,42.28545191386603,0.9311416389091458,42.28545191386603,False,False,False
LOW,215.97999572753903,217.30999755859375,211.0500030517578,212.0800018310547,3714400,218.55138898809992,219.1602285794167,2974845.0,32.16378695520038,37.40002527309259,50.98209134008682,41.785604036311845,1.2486028683847394,41.785604036311845,False,False,False
HD,315.05999755859375,316.7900085449219,308.9599914550781,310.5400085449219,6978200,309.8586638544386,310.1012737104417,5282725.0,43.55433612799081,39.13780674267449,42.91742495649928,41.532959905267674,1.320947049108178,41.532959905267674,False,False,False
PDD,95.0,97.97000122070312,94.5,96.63999938964844,9274300,96.83517686116,96.9237450688044,6775690.0,46.62981911805399,38.697674732257525,40.11937443402605,40.85278349012423,1.3687609675176993,40.85278349012423,False,False,False
TMO,447.3599853515625,450.25,443.6099853515625,448.1799926757813,1942600,450.1819326012474,450.8665203576153,2357350.0,39.756516250256844,37.97170267639553,42.86535221965198,40.286125208470374,0.8240609158589094,40.286125208470374,False,False,False
SE,88.44999694824219,90.58999633789062,87.5999984741211,89.0199966430664,3366400,88.27223335816271,88.25543408842424,4783840.0,52.147737377715565,35.65038236862988,38.59689240908499,40.128457386629066,0.7037024649653835,40.128457386629066,False,False,False
CRM,178.42999267578125,182.36000061035156,177.67999267578125,179.0800018310547,13617200,177.9100666060881,177.88331632988644,11839455.0,49.87235271361575,40.444959188179645,33.958702594284134,39.73593525570866,1.1501542934197562,39.73593525570866,False,False,False
MDT,78.55000305175781,78.55000305175781,77.47000122070312,77.5999984741211,6703900,77.82340154433217,77.84709895039481,10037485.0,41.36312513753997,32.86850778073892,45.11216324847616,39.46489343919403,0.6678864277256703,39.46489343919403,False,False,False
GEHC,64.2300033569336,65.08999633789062,63.5,64.18000030517578,4011300,63.32135707077821,63.29561659435788,6923855.0,47.42963259040454,39.445899688133196,35.08663302526496,39.298939603440175,0.5793448880717461,39.298939603440175,False,False,False
REGN,642.4500122070312,648.5,632.6799926757812,634.6199951171875,889800,657.3077862584003,660.3062933198453,1031320.0,31.158583110663812,36.80664949734185,45.355415676255014,39.096542691571514,0.8627777993251368,39.096542691571514,False,False,False
CMCSA,25.31999969482422,25.540000915527344,24.84000015258789,25.149999618530273,25780100,25.177550657783552,25.22383935211246,31598000.0,37.336351280394446,37.11801589458967,40.04096150166756,38.33086121458178,0.8158775871890626,38.33086121458178,False,False,False
NOW,100.55999755859376,102.54000091552734,98.72000122070312,99.91999816894533,23589900,98.69592930124196,98.34027243417947,27084880.0,54.54987403273509,41.13136672184861,26.540805248938824,37.97884359486199,0.8709619536804298,37.97884359486199,False,False,False
CPRT,33.86000061035156,34.040000915527344,32.97999954223633,33.2400016784668,12817100,33.405317591886096,33.39394195865309,8620760.0,48.32763523251677,38.67108233860727,28.524159887107317,36.54362393678919,1.4867714679448216,36.54362393678919,False,False,False
DHR,171.1699981689453,173.64999389648438,169.8800048828125,172.80999755859375,3283100,170.3461161125284,170.3821802115347,4880585.0,46.04707291190149,36.65388423430649,31.51552700692129,36.47717907887141,0.6726857538594246,36.47717907887141,False,False,False
PYPL,44.20000076293945,44.439998626708984,43.8650016784668,44.15999984741211,13161000,44.6428301790407,44.75367326341101,15293755.0,35.8516819793668,36.36407805609412,36.804757218724866,36.43787050580096,0.8605473279779884,36.43787050580096,False,False,False
NKE,44.70000076293945,44.95000076293945,44.099998474121094,44.939998626708984,18667600,43.82786509641091,43.78450810518194,19914760.0,53.222485681200084,35.08619747349971,26.701685684289103,35.359650399355544,0.9373750926448524,35.359650399355544,False,False,False
ACN,178.0,178.64999389648438,173.83999633789062,177.0,3822100,176.11747680261354,176.04317949629583,5734245.0,47.40615317625611,36.53126090266657,26.709824043153574,34.777664613579276,0.6665393613283004,34.777664613579276,False,False,False
ADBE,242.57000732421875,243.57000732421875,238.57000732421875,240.4900054931641,3211800,246.25318836948688,246.3794874792641,4434675.0,44.69433558455634,37.305215360714875,27.174226938198643,34.730644036476676,0.7242469854047929,34.730644036476676,False,False,False
ABT,86.83000183105469,86.95999908447266,85.80999755859375,86.66999816894531,10249200,87.05729794889264,87.0785469003961,12535385.0,39.98206969570106,24.86106559771072,34.897527697400406,31.899851257184665,0.8176214771225615,31.899851257184665,False,False,False
BSX,57.75,58.13999938964844,57.2599983215332,57.63999938964844,15258000,56.48141266805054,56.435246233133846,17437070.0,48.857284899488704,30.702019343035985,24.381480597310855,31.80485695603648,0.875032330546359,31.80485695603648,False,False,False
FIS,43.18000030517578,43.189998626708984,42.11000061035156,42.220001220703125,5199900,43.167348786837046,43.2433970205842,7021205.0,38.599588173779196,34.17380153413664,25.437876234170446,31.564588742078676,0.7405993700511522,31.564588742078676,False,False,False
CHTR,144.86000061035156,147.7100067138672,142.67999267578125,144.0,1997300,146.7237362220192,147.48828588840246,3552960.0,32.865793860607965,28.991943581463815,31.644108700923056,30.827579685076344,0.5621509952265153,30.827579685076344,False,False,False
ZTS,80.77999877929688,81.30999755859375,79.94999694824219,80.2300033569336,5696600,81.18849908879905,81.78927259361446,9089085.0,28.010416673609086,26.613638692058714,29.5505682581759,28.067766114815665,0.6267517577401905,28.067766114815665,False,False,False
