symbol,Date,Open,High,Low,Close,Volume
ABT,2024-05-28,99.50190489951414,99.52111610046583,97.5708530312479,97.9455337524414,4771100
ABT,2024-05-29,97.11931331503422,97.77260409636875,96.68699165917953,96.7734603881836,4960900
ABT,2024-05-30,97.30184353449265,98.57960451025923,96.89834238310989,97.7437744140625,5124000
ABT,2024-05-31,97.85906953448142,98.28178924045932,97.40752936304533,98.17610931396484,7915700
ABT,2024-06-03,98.15690498092137,100.03991807033289,97.91672462773536,98.82941436767578,4915100
ABT,2024-06-04,98.76215694533911,99.42504968748291,98.51236734395565,99.3674087524414,3880400
ABT,2024-06-05,98.88703552372581,99.35778686947016,97.97435329609803,99.17525482177734,3302300
ABT,2024-06-06,99.23291273572814,100.87574542450335,98.77176324585251,100.1744155883789,9835500
ABT,2024-06-07,99.7805161768516,103.88279295920053,99.30976478569858,103.35440063476562,8666600
ABT,2024-06-10,103.40243711026883,104.69941680718897,102.83561502738443,103.26793670654297,8555900
ABT,2024-06-11,103.10459883947854,103.10459883947854,101.3849070127682,101.6539077758789,7536000
ABT,2024-06-12,101.74999239066474,101.74999239066474,100.19362130731118,100.28008270263672,4569000
ABT,2024-06-13,99.5691513243487,99.62679225474133,98.57000032912063,99.38661193847656,4719500
ABT,2024-06-14,99.2329013813862,99.64601182285449,98.4066804984496,99.60758209228516,3683100
ABT,2024-06-17,98.86782890549962,99.85737063575505,98.51235939872798,99.38661193847656,3936200
ABT,2024-06-18,99.20408071248912,100.00147379857256,99.19447144743607,99.90540313720703,4501000
ABT,2024-06-20,99.46347764144599,102.64346288286633,99.40583670743563,102.38407135009766,9154900
ABT,2024-06-21,102.47053949260777,102.72993102388743,101.10630964784352,101.56745910644531,10324700
ABT,2024-06-24,102.11507542302387,102.11507542302387,100.81810303786601,101.1639633178711,5201300
ABT,2024-06-25,101.2600275529921,101.81724767199715,100.70280743398703,101.34648895263672,4637400
ABT,2024-06-26,100.96219522921221,101.50020412719768,100.22244307284946,100.76044464111328,5406600
ABT,2024-06-27,101.11590573815758,101.18315592859506,99.83814479012429,100.53947448730469,4137600
ABT,2024-06-28,100.58751561111508,101.02945385238559,99.46347346675913,99.82855224609375,8283600
ABT,2024-07-01,100.06873752814192,101.36570986128864,98.57961653062995,99.14643859863281,4588900
ABT,2024-07-02,98.66607793230276,99.32897799734928,98.66607793230276,99.14643859863281,3650500
ABT,2024-07-03,99.30014963132786,99.5883689400884,98.16649825577598,98.31060791015625,2017800
ABT,2024-07-05,98.02240112724068,99.9822736199799,97.7630095799869,99.93423461914062,6582700
ABT,2024-07-08,99.70365741020477,99.77090760941141,97.93593369978905,98.1088638305664,4542000
ABT,2024-07-09,98.36824599949824,98.56038731330926,96.79266377113977,97.647705078125,6268500
ABT,2024-07-10,97.43635415784884,99.03115506146533,97.29224449443308,99.00233459472656,6598900
ABT,2024-07-11,99.31935649802024,100.52986728038925,99.01192600262571,100.08793640136719,5025300
ABT,2024-07-12,100.55870259883064,100.80849220377607,100.02070098484563,100.12638092041016,4277600
ABT,2024-07-15,100.37747276286308,100.59961416215276,99.07361983620001,99.44062805175781,4970800
ABT,2024-07-16,99.40200009491276,100.31953173887374,99.00601849359234,99.2088394165039,7656900
ABT,2024-07-17,99.1412351113925,102.03868957717928,98.99636091438161,101.10184478759766,13438300
ABT,2024-07-18,98.89011169229661,100.58995356033073,96.30171896747923,96.6494140625,13078800
ABT,2024-07-19,97.1709670250875,98.89978243988125,96.65908457211101,98.54242706298828,11963600
ABT,2024-07-22,98.99636040664997,100.2809003150265,98.81285260013684,100.1746597290039,7880300
ABT,2024-07-23,100.45474820523408,100.76380971959897,99.8366251765043,100.3678207397461,5894500
ABT,2024-07-24,100.65757775441776,103.6419525673045,100.00082105906606,103.59366607666016,8680900
ABT,2024-07-25,103.36186156301048,104.99409669540711,102.29946300603021,102.33809661865234,6356600
ABT,2024-07-26,102.82099951905786,103.47775615678769,101.08253126761379,101.6427001953125,8611600
ABT,2024-07-29,97.15164623212192,101.58475546632268,96.50454982636307,101.18876647949219,19452700
ABT,2024-07-30,101.17911487878932,102.06766583837164,99.2667916349328,101.719970703125,9126300
ABT,2024-07-31,101.89382423788155,103.17836426451233,100.01048161884273,102.31878662109375,8238400
ABT,2024-08-01,103.0045088562256,106.89675488541985,102.69544733791412,106.38487243652344,9069200
ABT,2024-08-02,106.41384662279225,108.21026901451512,104.6946914533948,107.50521850585938,9885700
ABT,2024-08-05,107.53419067699092,108.17163420117961,104.66571692396519,104.91682434082031,7121400
ABT,2024-08-06,105.2258847761574,106.85811981197222,104.91682326207608,105.75708770751953,5634800
ABT,2024-08-07,105.86332323931035,108.50966278781921,105.66050232118522,106.18204498291016,6365100
ABT,2024-08-08,106.19170203591524,107.41829520579952,105.48665891687986,106.0082015991211,5476600
ABT,2024-08-09,105.54460325435304,105.54460325435304,104.00895597641463,104.99408721923828,5435000
ABT,2024-08-12,104.69470096971457,104.69470096971457,103.44879452874879,104.1152114868164,4795900
ABT,2024-08-13,104.11519093371192,104.84920736179869,103.92202289847293,104.54014587402344,4920400
ABT,2024-08-14,104.37595475702022,106.41383140054063,104.02825967490065,106.13374328613281,5822900
ABT,2024-08-15,106.69392959704766,107.5245337751987,106.00819961157087,107.14786529541016,7458500
ABT,2024-08-16,107.55350565705616,107.78529994097447,106.7905084635257,107.205810546875,4643300
ABT,2024-08-19,107.20582013024242,108.41309287945685,107.05128568141109,108.07505798339844,3495800
ABT,2024-08-20,107.9977850993418,108.25855275731898,106.55871812090298,106.98367309570312,5822400
ABT,2024-08-21,107.1768319357317,107.6404204808738,106.8967438124301,107.58247375488281,4081400
ABT,2024-08-22,107.96880249281686,108.31649758609906,107.25409918711772,108.26820373535156,3690400
ABT,2024-08-23,108.55797030132565,108.92497857526803,108.06540094183349,108.83805847167969,4511600
ABT,2024-08-26,108.88633563641157,109.38856519838096,108.22957900287231,108.84770202636719,3212700
ABT,2024-08-27,109.19539806687665,109.30163865324066,108.3068471342029,109.2340316772461,2705300
ABT,2024-08-28,109.23403899207283,109.54310052711678,108.52899581928892,109.04087829589844,3836700
ABT,2024-08-29,109.42721291594141,109.62037362245825,108.67386847586508,108.90567016601562,3375800
ABT,2024-08-30,109.1374562060819,109.59139193742077,108.06539741846271,109.39822387695312,4320100
ABT,2024-09-03,109.48514845707759,110.90490234746412,109.48514845707759,110.74071502685547,4436900
ABT,2024-09-04,110.76969694009097,111.63892746619928,109.68797785237587,110.48960876464844,3659200
ABT,2024-09-05,110.35438427213644,110.56686544486446,108.67385537980091,109.2340316772461,2928000
ABT,2024-09-06,109.74592192122823,110.43165197466564,109.1471193394535,109.96806335449219,3802200
ABT,2024-09-09,110.54754758483269,112.73995897164782,110.41233362962737,112.45021057128906,5101000
ABT,2024-09-10,112.17978713861643,113.24218570132514,111.48439684488471,113.10697174072266,4963700
ABT,2024-09-11,112.41157421374857,112.73029597263515,110.79865966705499,112.61439514160156,6535600
ABT,2024-09-12,112.51781084508978,113.30012116339739,111.63891282001201,112.83653259277344,4349300
ABT,2024-09-13,112.05421851795978,113.04901740206493,111.97695866610361,112.42123413085938,3350100
ABT,2024-09-16,113.00072908293741,113.65748575183898,112.44055276004323,113.60919189453125,3637100
ABT,2024-09-17,113.77337242669938,114.48807574052375,113.25182978084685,114.09208679199219,4982500
ABT,2024-09-18,113.48362442870025,113.48362442870025,110.60548330738521,110.95317840576172,5990200
ABT,2024-09-19,111.54233887360724,111.70653356336096,109.37890822663933,110.2481460571289,8144100
ABT,2024-09-20,109.86182382727748,110.25781283910341,109.33062085253742,109.81352996826172,8403400
ABT,2024-09-23,109.90044311534142,110.9725018019961,109.09881231926497,110.88557434082031,5005200
ABT,2024-09-24,110.30609240319208,110.49926045851743,109.31130086624212,109.46582794189453,5029800
ABT,2024-09-25,109.92941167751754,110.28676701366132,108.02674891371036,108.76077270507812,5159100
ABT,2024-09-26,108.47103686260061,109.06984678372386,108.26821593010916,108.8766860961914,3508700
ABT,2024-09-27,109.06985369813084,109.50446895693493,108.48070398461786,108.58694458007812,3566400
ABT,2024-09-30,108.72214979185844,110.19019015037846,108.26821407845192,110.11293029785156,5035600
ABT,2024-10-01,110.30608984980137,110.315750094496,108.94429009216832,109.67830657958984,4264000
ABT,2024-10-02,109.50446229807463,109.90045128773016,108.20060923234001,109.75557708740234,3454000
ABT,2024-10-03,109.63001429620928,109.63001429620928,107.96880598974768,108.39376831054688,3472100
ABT,2024-10-04,108.29717985604735,108.89598972497198,107.86256466268105,108.78974914550781,4366300
ABT,2024-10-07,108.46137313446668,109.72659245901463,107.97846409534368,109.48513793945312,6912900
ABT,2024-10-08,109.86181364482934,111.35883471226788,109.86181364482934,110.71173095703125,4341500
ABT,2024-10-09,111.04978057177178,112.29567957317818,110.64413132509607,111.98661804199219,4256900
ABT,2024-10-10,112.24738951693132,112.85585231469635,111.5037053954995,111.66790008544922,4068300
ABT,2024-10-11,112.23772270606862,113.27114779848225,111.98660793196035,112.15080261230469,3471300
ABT,2024-10-14,112.28602951523591,113.56090928445747,112.01560158973564,113.2421875,3674100
ABT,2024-10-15,113.29069861124644,114.85299491883754,112.37854843323196,112.61144256591797,6544900
ABT,2024-10-16,114.51336742270016,115.97862081340809,113.18395783834687,114.32899475097656,7356200
ABT,2024-10-17,115.19263004059187,115.24115150539231,113.71767079269316,114.39692687988281,5046900
ABT,2024-10-18,114.40662874636858,116.29884735558655,114.18344038057926,115.85247802734375,6741800
ABT,2024-10-21,115.36728691044036,115.39639682545317,113.14513875665867,113.5235824584961,8303300
ABT,2024-10-22,113.40713688675963,113.72735333854375,112.4076496356299,112.67935943603516,5360000
ABT,2024-10-23,112.71818622285902,113.67885047949252,112.49499785852204,113.54299926757812,3655600
ABT,2024-10-24,113.73706014760661,113.93113857823667,112.76669020446177,113.0869140625,3768000
ABT,2024-10-25,112.70847724227733,112.94136396988392,109.84588129363155,110.83566284179688,5989600
ABT,2024-10-28,111.36936531398814,111.42759255017587,110.18552009376282,110.69010925292969,4104700
ABT,2024-10-29,110.75802683789546,111.34024733425747,109.99143367974028,110.03995513916016,4543600
ABT,2024-10-30,109.3024781577523,111.34025371344029,109.16662694759549,111.05884552001953,5188000
ABT,2024-10-31,110.20492003669041,111.07825451286287,109.91380607685443,110.01084899902344,5323200
ABT,2024-11-01,116.20181110956936,116.366772237893,113.62062327578901,115.08588409423828,10149300
ABT,2024-11-04,116.05625052111674,116.9975106056649,113.99907085921988,114.16403198242188,5604000
ABT,2024-11-05,114.10580246342681,114.74625020421412,112.88314161829081,114.24166107177734,4059200
ABT,2024-11-06,117.41476914876732,117.41476914876732,112.07773418745971,113.33921813964844,5256100
ABT,2024-11-07,114.008772315487,114.008772315487,111.14618369927561,111.8836669921875,5519000
ABT,2024-11-08,111.91276102375244,113.7758694329761,111.29172488734454,113.13542175292969,5685700
ABT,2024-11-11,113.47506934639671,114.34839641739681,112.8831430584212,113.33921813964844,5301100
ABT,2024-11-12,113.22277014631844,113.82440220222124,112.97047187728364,112.98988342285156,4598900
ABT,2024-11-13,112.6405451711085,113.34891108621467,112.12625028397618,112.31061553955078,4760800
ABT,2024-11-14,112.543514254063,112.65024814147364,111.5246228072449,111.62165832519531,3812300
ABT,2024-11-15,111.46640146003288,112.9025448741577,111.03943630285966,112.46588134765625,6898600
ABT,2024-11-18,112.15536438041589,114.44543813191903,112.0874387777584,113.88262176513672,6086500
ABT,2024-11-19,113.08691673115459,114.0669924697928,112.02920961843239,113.65943145751953,4542800
ABT,2024-11-20,113.23248607425901,113.31011005348597,112.10685323710277,112.49500274658203,5624400
ABT,2024-11-21,112.25240471025144,114.15432906953157,111.7284040087147,113.78559112548828,5561900
ABT,2024-11-22,113.74677414571637,114.50366157157102,112.93165948479437,114.2707748413086,5349500
ABT,2024-11-25,114.77534822243328,115.13438774323552,114.09609226776378,114.62979125976562,6879000
ABT,2024-11-26,115.12470331627145,115.47403713010841,113.54300278380792,114.46485137939453,4056800
ABT,2024-11-27,114.84329367319516,116.9587006734724,114.60070116125206,115.4255142211914,3510300
ABT,2024-11-29,115.19261940368281,115.65840025141406,114.36780640159132,115.25083923339844,2523200
ABT,2024-12-02,115.23144298821985,115.28966282192536,113.13544013479078,113.34892272949219,5338900
ABT,2024-12-03,113.63031949384329,113.96024912608256,112.63083963137653,112.84432220458984,4794900
ABT,2024-12-04,113.5429914975682,113.5429914975682,111.87395397588071,112.53380584716797,3557100
ABT,2024-12-05,111.84484548520003,112.84432537575428,111.48580592894828,112.1650619506836,3269800
ABT,2024-12-06,111.71869907054578,112.75699470820241,111.68958915413214,112.17477416992188,5300300
ABT,2024-12-09,112.24268787424145,112.43676630197955,110.47661490016739,111.4955062866211,4868000
ABT,2024-12-10,111.67018227440354,112.9413646155539,110.88417753381746,112.0777359008789,4072100
ABT,2024-12-11,111.89334948652545,112.16505187080263,110.63187307333358,110.75801849365234,4747700
ABT,2024-12-12,111.01033647581392,111.37907443384856,109.9429308892201,110.48633575439453,3764700
ABT,2024-12-13,110.4766210358179,110.90358619721948,108.81728925401008,110.02054595947266,4550500
ABT,2024-12-16,109.360697399724,110.2825533531984,109.0598850650476,109.28307342529297,5047200
ABT,2024-12-17,108.88521851645847,110.46691897602297,108.87551274337254,109.93321990966797,5805600
ABT,2024-12-18,109.68092331363404,110.76774041250694,108.53588638202473,108.61351776123047,6454600
ABT,2024-12-19,108.23507392685796,109.94292725089191,107.98277564637509,109.08899688720703,7738700
ABT,2024-12-20,109.30247529479301,111.6992903593075,109.18602823056482,110.84536743164062,12311900
ABT,2024-12-23,110.62217656999607,111.1170673275852,109.6129909128871,110.92298889160156,4028200
ABT,2024-12-24,110.75802525473325,111.42758288781339,110.22431882208457,111.35965728759766,1480000
ABT,2024-12-26,110.81624244056076,112.37853861161084,110.44750453437152,111.85453796386719,2960500
ABT,2024-12-27,111.60225151094693,112.51439424184484,111.1170665294757,111.58283996582031,2829500
ABT,2024-12-30,110.74832727864329,111.24321805981667,109.18603096036584,109.4577407836914,3475800
ABT,2024-12-31,109.71003108937873,110.4086986819266,109.21514771410371,109.75855255126953,3519900
ABT,2025-01-02,110.32135834864538,110.58335496904311,109.41891402875432,110.07876586914062,3569100
ABT,2025-01-03,110.56395564336636,110.84536382024778,109.92350791598065,110.45721435546875,4416700
ABT,2025-01-06,110.14668782388542,110.87446523832656,109.44802032148837,109.69061279296875,6037200
ABT,2025-01-07,110.01084522484234,111.29173327817287,109.81676679049816,110.03995513916016,5300100
ABT,2025-01-08,110.17580719219666,110.92298881101873,108.93373481614496,110.8647689819336,4455800
ABT,2025-01-10,110.39900109056019,110.46692670023988,108.47767247199938,108.98226165771484,5108700
ABT,2025-01-13,109.26365949625126,110.0302526774736,108.66203484001929,109.836181640625,4409700
ABT,2025-01-14,110.19521191722076,110.43780441080628,108.96284530727387,109.67121124267578,3972400
ABT,2025-01-15,109.39808623913143,109.99311877117972,108.13973911933354,108.37384796142578,6543700
ABT,2025-01-16,108.29580618066298,111.15391061908008,108.29580618066298,111.11489868164062,5598700
ABT,2025-01-17,110.83202157572035,111.97331060203135,110.60766198760267,110.6954574584961,6459800
ABT,2025-01-21,111.44655757462209,114.0315339214641,111.33925613606814,113.92423248291016,8486300
ABT,2025-01-22,111.32949239260516,116.99693253930829,110.71495391788652,114.88993072509766,13200700
ABT,2025-01-23,115.23134298513514,120.20620598525672,114.88993271548787,120.19644927978516,13089400
ABT,2025-01-24,119.58190601341418,122.58633133754225,119.18197038640882,121.9620361328125,9960200
ABT,2025-01-27,123.62032145387195,126.57596313328033,122.39123706195669,126.25405883789062,11845100
ABT,2025-01-28,126.56621326598338,126.663765434195,123.56178807439272,124.26412200927734,11948500
ABT,2025-01-29,125.01522919909033,126.1272554234299,124.49822802269965,124.72258758544922,7609800
ABT,2025-01-30,124.84940565162768,126.01996476404085,124.06904035220492,125.64928436279297,6340400
ABT,2025-01-31,125.2200765989204,125.6005062577416,124.54701274833685,124.79087829589844,7129400
ABT,2025-02-03,123.54229106889952,125.7858496990088,122.91799584641814,125.2981185913086,5720600
ABT,2025-02-04,123.33745662936444,126.02972724160135,122.90825083225994,125.93218994140625,6957400
ABT,2025-02-05,126.25404902670402,129.24872473680148,125.78583139905469,128.81951904296875,8680100
ABT,2025-02-06,128.56590950864017,128.66344678934692,124.99571460174583,125.0737533569336,6469200
ABT,2025-02-07,124.92745373401117,126.31260830110823,124.92745373401117,125.90291595458984,6455200
ABT,2025-02-10,125.90292564390171,128.20500237263462,125.44445717419686,128.08795166015625,5503600
ABT,2025-02-11,127.98063591409125,128.80978472650855,127.268552685447,128.21475219726562,5314100
ABT,2025-02-12,127.28807830810547,127.59046923348305,126.06875045779385,127.28807830810547,4703700
ABT,2025-02-13,127.71726944459921,128.80003317305213,127.34660389879315,128.55616760253906,4168400
ABT,2025-02-14,129.07316006172377,129.39504947604263,127.31732519812788,127.40511322021484,3733900
ABT,2025-02-18,126.57596441754787,127.60996680915649,125.10302191555131,126.98565673828125,5116200
ABT,2025-02-19,127.0636930587682,129.0146173397008,126.81007826062053,128.8878173828125,3806800
ABT,2025-02-20,128.49763003942587,130.0095994098395,128.12696452883424,129.9022979736328,5046900
ABT,2025-02-21,129.16096992453845,132.08735689725097,129.16096992453845,131.609375,7160100
ABT,2025-02-24,131.1899065974279,133.23836813005187,131.00456641211102,131.63861083984375,5947200
ABT,2025-02-25,132.05806844950936,133.1018051929026,131.06309290531405,132.48727416992188,6385700
ABT,2025-02-26,131.8337186563218,132.9652584516396,130.97532198778148,132.6238555908203,5388000
ABT,2025-02-27,132.38972788692698,133.6285690196567,131.9019967983027,132.53604125976562,4890700
ABT,2025-02-28,133.05305547291246,134.974717448197,131.44354858682337,134.62355041503906,8756100
ABT,2025-03-03,134.77959659280063,137.38407861409985,134.62351908452632,136.779296875,7589800
ABT,2025-03-04,137.54018075642466,137.76453291201992,134.15532547188195,134.2041015625,8356300
ABT,2025-03-05,133.5407804073693,135.10152601179638,132.70188224975507,134.33091735839844,8156700
ABT,2025-03-06,133.6968529727956,134.34066162700793,130.1851978199852,131.76544189453125,9184200
ABT,2025-03-07,131.20943167197177,134.1065559612283,130.6729393019696,133.77490234375,8254800
ABT,2025-03-10,133.08229911992538,135.73555746114963,133.08229911992538,133.98948669433594,7028000
ABT,2025-03-11,133.69684328895443,133.69684328895443,129.06339795891898,129.40481567382812,9313500
ABT,2025-03-12,129.04387971620963,129.3560347449386,126.26382155290072,127.08320617675781,6771000
ABT,2025-03-13,127.08321898350984,127.63923960282693,125.83462851150976,126.70278930664062,9012900
ABT,2025-03-14,121.9327753456695,125.33714379169452,121.44504424428682,123.60081481933594,9537900
ABT,2025-03-17,123.6105721604372,124.73235518781965,123.10332764476823,124.50799560546875,6662800
ABT,2025-03-18,124.81038094596819,125.46393880992807,121.83522581014894,123.20087432861328,7959600
ABT,2025-03-19,123.23014573391669,124.6445629954994,122.69363852866188,124.29339599609375,5098500
ABT,2025-03-20,124.20560509323072,124.62505414158223,123.27891152761475,123.66909790039062,5158500
ABT,2025-03-21,123.23014178859812,123.69835947802444,122.41074966882307,123.2398910522461,8857100
ABT,2025-03-24,124.08854675292969,124.70308526560636,123.4935142098773,124.08854675292969,5283000
ABT,2025-03-25,124.547014314817,125.62977051279766,121.44504421313151,122.51805114746094,6726800
ABT,2025-03-26,122.65461819457731,124.21535626750021,122.05958564143387,123.5032730102539,6053700
ABT,2025-03-27,124.04952856962873,128.69272337240426,123.552048196451,128.12696838378906,8441400
ABT,2025-03-28,128.03916860604147,130.18519744727195,127.54168822068672,127.60997772216797,6708300
ABT,2025-03-31,127.60018819290543,129.93154189363054,127.43436143077163,129.39503479003906,9669600
ABT,2025-04-01,129.2292267449277,129.37555500402968,127.8635856328735,128.4586181640625,4228800
ABT,2025-04-02,127.43436373081656,128.8878075678029,126.57595234957685,128.6927032470703,4236200
ABT,2025-04-03,128.67322894721013,130.3607744717902,128.25377243990982,128.4001007080078,6239200
ABT,2025-04-04,128.00989422912417,129.1511831625317,120.95730702733191,121.38651275634766,10776900
ABT,2025-04-07,119.28927367905004,123.39596865996768,117.5139327675585,121.79621124267578,10371300
ABT,2025-04-08,123.95198361453815,124.8201443922795,119.06491582363348,120.90853881835938,9880100
ABT,2025-04-09,118.64546035281161,124.62504818237423,117.88460105548307,123.92271423339844,10179200
ABT,2025-04-10,122.90823106880647,123.70810973521763,119.02588843191266,121.44503784179688,11089400
ABT,2025-04-11,122.96676101316024,125.36640454428336,120.99633066835655,123.76663970947266,7357000
ABT,2025-04-14,123.88369424396282,125.34688748306475,123.7276167262095,124.82013702392578,6988500
ABT,2025-04-15,125.0651431541774,125.9177290788296,123.08557789739682,123.69316864013672,8639400
ABT,2025-04-16,127.1034927368164,131.4742132017397,126.427303666938,127.1034927368164,13483200
ABT,2025-04-17,127.76988494799471,130.05324171079016,127.0642976670743,128.3578643798828,10474500
ABT,2025-04-21,128.34808440970622,129.31827076855467,125.93732510286458,127.28970336914062,6046700
ABT,2025-04-22,127.32888153123884,129.38684692369947,127.32888153123884,129.0928497314453,5837100
ABT,2025-04-23,129.56324882719812,130.2296284942349,124.58493783449723,127.24068450927734,8777100
ABT,2025-04-24,127.4170964206329,127.59348577128212,125.46692941964795,126.78990936279297,6595500
ABT,2025-04-25,126.68212083785001,126.93691045990919,124.69275355489216,126.2705307006836,4849100
ABT,2025-04-28,126.74090413096144,127.5150822947618,125.94712216647845,126.93689727783203,3843300
ABT,2025-04-29,126.30971969540188,128.64207869179643,126.22152501570285,127.88748931884766,4315300
ABT,2025-04-30,128.29905645298035,128.64205563921539,126.10389455837371,128.13246154785156,8510500
ABT,2025-05-01,126.90750945046909,128.99487327128045,125.43753829853316,128.2598876953125,6769100
ABT,2025-05-02,129.26927040528656,134.06137590019168,128.70087974913721,130.1610565185547,9801400
ABT,2025-05-05,130.22965295142268,130.39624789946848,128.8184781523042,129.94546508789062,5752000
ABT,2025-05-06,129.30846097010763,130.92543822959698,128.08348499473087,130.396240234375,6290500
ABT,2025-05-07,130.82742901530287,131.7388039274791,129.77884244410376,131.26841735839844,4924900
ABT,2025-05-08,130.59222223147847,132.51299097606523,130.4158328837027,131.31741333007812,5994500
ABT,2025-05-09,131.29782331615465,132.26800969075205,130.5236450640927,130.57264709472656,4976100
ABT,2025-05-12,129.15164814996078,130.98422220276115,127.49549334985059,129.34765625,5958300
ABT,2025-05-13,129.1124595340589,129.1124595340589,126.33911230906185,126.46651458740234,6344700
ABT,2025-05-14,126.71150394706788,127.53468412318547,125.62372480244166,125.98631286621094,5266900
ABT,2025-05-15,126.27053667821157,130.75883574739728,126.27053667821157,130.68045043945312,8406400
ABT,2025-05-16,130.4844477523374,132.5816062303596,130.11206518744697,132.10142517089844,7128700
ABT,2025-05-19,132.2973876570977,132.97357669765375,131.8367955556557,132.8363800048828,8012800
ABT,2025-05-20,132.29738455094974,133.1107702651796,131.84658688339044,132.49337768554688,6455300
ABT,2025-05-21,132.3954076556087,133.44397930098884,130.3570458650408,130.38644409179688,7209100
ABT,2025-05-22,129.80825021045334,130.21984031040066,128.54406673253334,128.86746215820312,6277100
ABT,2025-05-23,129.0438454933984,129.52404139761956,127.81886967445296,128.6714630126953,6145000
ABT,2025-05-27,129.21048047295844,131.16063278556598,128.89687942477414,130.27865600585938,5591000
ABT,2025-05-28,130.43544091748106,130.9254312816289,129.20065562970422,129.37705993652344,3622100
ABT,2025-05-29,129.0928563689936,130.39623252412505,128.72047386275543,130.19044494628906,3078200
ABT,2025-05-30,130.2198392595299,131.4448151256729,129.1026618677402,130.90582275390625,14236800
ABT,2025-06-02,130.2002489267146,131.06263681074705,129.23987193524587,130.8960418701172,4464000
ABT,2025-06-03,130.4550336312282,131.28802325628988,128.97526807084904,131.03323364257812,5914900
ABT,2025-06-04,131.71920197565228,132.169984698126,130.27862923241355,130.29823303222656,4057000
ABT,2025-06-05,130.71962882428437,131.68981512904907,129.5436549403182,131.2586212158203,5581500
ABT,2025-06-06,132.09159101847422,132.51299049215314,130.43543620823655,130.90582275390625,3867700
ABT,2025-06-09,130.3570334057958,131.601598095037,128.201078914265,130.7294158935547,6630100
ABT,2025-06-10,130.8862280075533,132.15041156272494,130.66083661952013,131.44482421875,3579400
ABT,2025-06-11,131.41542251311142,132.64039843156579,130.26883189451715,132.57179260253906,4100500
ABT,2025-06-12,132.82656731406553,134.1495471389536,132.74818202299625,133.71835327148438,5089100
ABT,2025-06-13,133.06178402811358,134.3161581823209,132.54239543082397,132.9049835205078,3928900
ABT,2025-06-16,132.84618256276462,133.67917214701342,130.64122596679667,131.32720947265625,5084100
ABT,2025-06-17,131.02340663123272,131.3271982325896,129.50443367113058,129.6318359375,5010800
ABT,2025-06-18,130.2884298196154,130.7000199152534,128.96546485934726,129.75924682617188,4950400
ABT,2025-06-20,130.98422198349022,131.0038108308065,129.34765603346872,130.32763671875,11338200
ABT,2025-06-23,130.40604034685379,130.79802664979542,129.46525228514736,130.59222412109375,4887200
ABT,2025-06-24,130.65103218297736,136.2761117482488,129.72984794597397,135.31573486328125,9894700
ABT,2025-06-25,135.10992987866618,136.06051232265642,133.90455784425356,134.6493377685547,5507500
ABT,2025-06-26,134.57095708659622,134.7865390838393,130.05324545525266,130.9940185546875,9452900
ABT,2025-06-27,130.62162894283546,132.20920794255898,130.21984819569107,131.6898193359375,9513500
ABT,2025-06-30,131.3174145747301,133.53216558660165,131.3174145747301,133.28717041015625,5749700
ABT,2025-07-01,132.82659340138986,134.33577223393695,132.11121159166905,133.5321807861328,5337600
ABT,2025-07-02,132.5619979136568,133.61056952203364,131.16061769001755,131.4252166748047,4319600
ABT,2025-07-03,131.97398754578754,132.53258367358345,130.53341484636573,131.74859619140625,3114300
ABT,2025-07-07,131.81720424986023,132.2092055187311,130.1904475823343,131.02342224121094,8927400
ABT,2025-07-08,130.5726384201894,132.03280014415932,130.1904465319485,130.6902313232422,4782600
ABT,2025-07-09,130.7980347436099,131.09203196566818,128.83807320098092,130.55303955078125,4613700
ABT,2025-07-10,131.05281762331575,132.34639935253924,130.34723030797912,130.92543029785156,4857100
ABT,2025-07-11,130.60203584689302,130.9058274801336,128.63226501289444,129.37705993652344,4661200
ABT,2025-07-14,129.37706165488342,130.42563327236073,129.07327001760794,129.38685607910156,4881700
ABT,2025-07-15,129.83966515907278,130.37123856240987,128.26466678795902,129.4360809326172,5084800
ABT,2025-07-16,130.05622871894212,130.9520177651754,128.2745040356162,129.6821746826172,9893000
ABT,2025-07-17,124.57323998310622,124.87839525240386,117.89914006157974,118.6275863647461,27560600
ABT,2025-07-18,120.71446455581035,123.66760328025354,120.36008730805956,121.73822021484375,19571900
ABT,2025-07-21,122.3190046426001,124.0613531367138,119.70055144204264,122.47650146484375,10308000
ABT,2025-07-22,122.38791173919127,124.40588531856008,122.28947528584499,123.76604461669922,7098400
ABT,2025-07-23,124.34683059478841,125.05558510741592,121.32478552749413,123.86448669433594,6439600
ABT,2025-07-24,123.32307483131761,124.01214505602474,122.75213286204551,123.67745208740234,4708000
ABT,2025-07-25,123.80542374172444,124.75043480300747,123.49042255803697,124.56340026855469,4741200
ABT,2025-07-28,124.17948512094578,125.00636036058927,123.66760353526348,124.37635803222656,8168400
ABT,2025-07-29,124.04167765827107,126.09903496340165,123.51011176379075,126.01042938232422,5834100
ABT,2025-07-30,125.97106544487477,127.67403803950127,125.09496815418284,126.54200744628906,5359700
ABT,2025-07-31,125.54777540222935,127.1326196528283,123.84479538543243,124.21886444091797,6722600
ABT,2025-08-01,123.51010340759048,125.77417186769503,123.51010340759048,125.30167388916016,5453300
ABT,2025-08-04,125.45917915741988,128.09732434108048,125.45917915741988,127.90043640136719,5671400
ABT,2025-08-05,127.8807599278051,129.4262281192307,127.23106577426474,128.64857482910156,5355400
ABT,2025-08-06,128.04809776932146,129.6624796822313,127.78231107658206,128.8848114013672,5170100
ABT,2025-08-07,129.11122627230745,130.43029127348845,128.68793525226278,129.99716186523438,4690600
ABT,2025-08-08,129.74123784785382,132.6057861674437,129.69201586241363,132.1824951171875,4985400
ABT,2025-08-11,131.98561919505622,132.2514058940374,128.5107603922472,129.30810546875,7125600
ABT,2025-08-12,129.68217370194387,129.82982463352914,127.59527873941418,128.97341918945312,5657500
ABT,2025-08-13,129.07184964582993,129.59356963745088,126.32543714315432,127.37871551513672,6723700
ABT,2025-08-14,127.08341610560466,128.10716431071845,126.5223125072915,127.2605972290039,9688300
ABT,2025-08-15,127.8906000713611,130.28265038932864,127.64450516319874,129.6920166015625,6784500
ABT,2025-08-18,129.57389483011397,130.2334273763338,128.12685557989818,128.23513793945312,3831400
ABT,2025-08-19,127.89058726004724,129.66247342540748,126.66995123047913,129.19981384277344,4845700
ABT,2025-08-20,129.98733886611316,131.71984168379888,129.66249177146423,130.37124633789062,3639800
ABT,2025-08-21,130.05623109988642,131.11936289612487,129.69201544559363,129.9381103515625,3980000
ABT,2025-08-22,130.69608652331942,131.53280018914444,129.288415854257,130.51889038085938,4130200
ABT,2025-08-25,130.64686356774624,130.8831200824578,129.43608084828648,129.8101348876953,4705800
ABT,2025-08-26,129.80030209381118,130.28265353280648,129.3278040644625,129.53451538085938,6076500
ABT,2025-08-27,129.41637830495628,129.69200337234773,128.52058932571427,129.4065399169922,4759200
ABT,2025-08-28,128.87497955759454,129.5837340939322,128.10716464663562,129.3179473876953,4674700
ABT,2025-08-29,129.94794333111713,130.77483359628687,129.1210680863878,130.58779907226562,4430700
ABT,2025-09-02,130.61732253592174,131.31622359236448,128.7962143931057,129.4065399169922,5779200
ABT,2025-09-03,129.10137042864153,130.12513355983074,128.1760662798894,130.1152801513672,4806500
ABT,2025-09-04,130.11529439054,131.74936820770634,129.64279636621237,130.73545837402344,5073800
ABT,2025-09-05,130.44014277529106,132.22188256935877,130.38108239921706,130.86343383789062,3286900
ABT,2025-09-08,130.1940396203825,131.01107648538658,129.55419889282584,130.13497924804688,5070200
ABT,2025-09-09,130.23342436697152,131.08982981429074,129.59356861331727,129.88888549804688,4641400
ABT,2025-09-10,129.79045071647494,129.79045071647494,125.45917164947815,127.33934020996094,7397200
ABT,2025-09-11,127.66420174299587,130.6074873417705,127.37872322738842,130.5779571533203,5578300
ABT,2025-09-12,129.76092909948264,132.85188051454702,129.34747643987976,131.64108276367188,5700300
ABT,2025-09-15,131.78873523882572,132.25139481589542,128.9143488364512,129.278564453125,4057700
ABT,2025-09-16,129.70185389616412,131.57218419468174,129.15060370980225,130.6862335205078,5401600
ABT,2025-09-17,130.63703284076036,132.12344073767352,130.63703284076036,132.07421875,5113300
ABT,2025-09-18,131.99547397690978,132.6746983917508,130.0365679334354,132.46798706054688,5891700
ABT,2025-09-19,132.595928235794,134.5942176088949,131.6312404399206,133.9149932861328,11547400
ABT,2025-09-22,133.21610348103155,135.3423671881007,132.84203439725778,134.48594665527344,4837000
ABT,2025-09-23,134.15124140098493,134.74187512828004,132.93060537411353,133.767333984375,5136400
ABT,2025-09-24,133.19640121329843,134.6926624103542,131.70014001624267,131.798583984375,3932400
ABT,2025-09-25,132.33013086443398,132.33013086443398,129.1308974437593,131.22763061523438,4963400
ABT,2025-09-26,131.88715841251846,132.1037230995694,131.02091468475354,131.46388244628906,4182100
ABT,2025-09-29,130.92249461425848,131.4146844436354,129.65265146346033,131.03077697753906,4351900
ABT,2025-09-30,130.7846770447748,132.3990590223712,130.11529109187626,131.84780883789062,7538300
ABT,2025-10-01,132.69437377196638,133.334214507107,127.06372122914222,131.38514709472656,10613900
ABT,2025-10-02,130.351539872145,131.30638924946638,128.471371302744,130.9126434326172,5916700
ABT,2025-10-03,131.16857538526773,133.2554552302599,130.7157541820736,132.48764038085938,5362200
ABT,2025-10-06,132.22188194147958,133.12750941801065,131.36546143114884,131.65093994140625,6745900
ABT,2025-10-07,131.99544747514534,131.99544747514534,129.86918408701283,130.94216918945312,4816100
ABT,2025-10-08,130.7354523721553,132.61562101449093,130.10545002849378,132.1726531982422,6654800
ABT,2025-10-09,132.47779680380566,133.01920854062308,130.922475369148,131.22763061523438,3237600
ABT,2025-10-10,132.09391208187967,132.39906738037786,129.9774867508947,130.4992218017578,5654100
ABT,2025-10-13,129.93811514822093,130.68623828262446,128.82576132563804,129.3278045654297,4008100
ABT,2025-10-14,129.40655346167293,131.2571769620817,129.180135330843,131.1882781982422,8147900
ABT,2025-10-15,126.57077071938504,130.00175851524926,124.32629578014122,127.99458312988281,14906400
ABT,2025-10-16,128.07367742197079,129.68535596381398,125.44358804462037,126.19503784179688,9768100
ABT,2025-10-17,126.42246300821243,127.8067166899357,125.77976948820273,127.09481048583984,6806800
ABT,2025-10-20,126.9959320602268,128.36042133933896,126.68941985108879,128.05389404296875,5810000
ABT,2025-10-21,127.54964038537474,127.846270473485,126.07639471329118,126.1060562133789,4934700
ABT,2025-10-22,126.18516004342106,127.4903188677741,125.68089190521613,126.51144409179688,6186800
ABT,2025-10-23,126.79819527084258,127.32223524145982,124.65258698036708,124.91954803466797,6700600
ABT,2025-10-24,125.54246641143591,126.66964868841504,123.59461408645473,125.42381286621094,5071100
ABT,2025-10-27,124.64268877067276,126.22470579950047,123.74292394055287,125.7500991821289,6254200
ABT,2025-10-28,125.54246890724018,127.00582494269027,124.7712397069872,125.18651580810547,4763000
ABT,2025-10-29,124.76134568963987,125.12718845759667,122.72450889374562,123.03102111816406,5182000
ABT,2025-10-30,123.73303511593257,125.00853239385354,122.93214445866771,123.26831817626953,4877400
ABT,2025-10-31,122.44765324220785,122.93214956397794,121.23148645612228,122.23013305664062,7044900
ABT,2025-11-03,122.31911141739678,122.66517481298943,121.06339351235593,122.44764709472656,5833000
ABT,2025-11-04,122.90248477816039,124.43505343565188,122.44764996914294,124.3856201171875,5607700
ABT,2025-11-05,124.47460607868159,125.2853864384619,122.52675377023438,123.13978576660156,4597100
ABT,2025-11-06,122.457534983841,123.59460687582178,121.96315655633771,123.545166015625,4714700
ABT,2025-11-07,124.22741724497072,125.19640233343524,123.24855001883589,124.93932342529297,5458500
ABT,2025-11-10,124.00988480978363,124.7316806439866,123.14967116090311,124.47460174560547,4251600
ABT,2025-11-11,125.17662402088882,125.72044334197912,124.35595397037677,125.57212829589844,5293900
ABT,2025-11-12,125.51280574781657,127.62874495159413,125.1271911527853,127.37167358398438,4979700
ABT,2025-11-13,127.06514162715936,128.13300087147093,126.56088104813696,127.80670928955078,5182400
ABT,2025-11-14,127.83637809763982,129.4876154637329,127.32223535179511,129.12176513671875,6998900
ABT,2025-11-17,129.2107554628914,130.44670169323234,128.4889670887979,128.5680694580078,5816600
ABT,2025-11-18,129.27009196282327,130.54558181844007,127.8363822835014,128.5384063720703,6775000
ABT,2025-11-19,128.42963829542725,130.0116554338565,123.17934135952515,124.731689453125,10296100
ABT,2025-11-20,121.12272090534086,124.3065193475456,120.72721663447766,122.5761947631836,11654000
ABT,2025-11-21,123.27821074392081,127.27278953002093,122.49709188673528,126.66964721679688,9401000
ABT,2025-11-24,126.02695555485178,128.06379993061006,125.29527754953374,125.75999450683594,14041300
ABT,2025-11-25,125.85886370661886,127.36177083960857,124.8107838315552,126.61032104492188,8035500
ABT,2025-11-26,126.63999074208803,127.56942468005947,125.59190325556166,127.09481048583984,5473800
ABT,2025-11-28,126.71908184324529,127.93524854745199,126.56087712590218,127.45075225830078,2572400
ABT,2025-12-01,127.20357410081098,128.3900944967762,126.52133694291784,126.57077026367188,5766900
ABT,2025-12-02,127.0058221478987,127.53975932846811,124.2274176430968,124.89977264404297,5479700
ABT,2025-12-03,124.86022252323319,126.13571985396587,123.80225292165724,123.88135528564453,4918800
ABT,2025-12-04,123.7824818850152,124.15820680090519,122.66518173157695,123.99011993408203,5226900
ABT,2025-12-05,124.24719449108576,124.63280907492224,123.23865823827005,123.67371368408203,4361100
ABT,2025-12-08,123.21888453475854,123.21888453475854,120.34159840625206,120.71732330322266,6391900
ABT,2025-12-09,121.44900984256864,121.84451410479545,119.6989059338903,119.88677215576172,5229100
ABT,2025-12-10,119.89666757071032,121.70608702137368,119.34295855966585,121.17216491699219,6716200
ABT,2025-12-11,121.64676218697808,122.8431571502858,121.2512579117947,121.89395141601562,5390000
ABT,2025-12-12,122.08182188665158,124.1680996557205,121.52812040832245,124.04944610595703,4765300
ABT,2025-12-15,124.30652268532455,128.18244804790072,123.79236485631169,127.02560424804688,7716000
ABT,2025-12-16,126.96628449198853,127.15415072780951,124.88000670885646,125.43370819091797,5764200
ABT,2025-12-17,125.32493631282938,126.2345908448293,124.52404564265731,125.28538513183594,8048900
ABT,2025-12-18,125.15684861568039,126.14560550306554,123.52539824277162,123.71326446533203,5891700
ABT,2025-12-19,123.63416437266343,124.71190577875484,122.3685567405641,124.03955078125,14795700
ABT,2025-12-22,123.75281476160713,125.80942333952133,123.36719263815587,123.7923583984375,5058000
ABT,2025-12-23,123.59461303734501,123.77258958186344,122.45754108867813,123.13978576660156,7534900
ABT,2025-12-24,122.61574491915012,123.92090372155155,122.6058552379667,123.40674591064453,1632200
ABT,2025-12-26,123.17933763144194,123.78247994989992,122.86293572205551,123.43640899658203,2120700
ABT,2025-12-29,123.62427612913834,124.07910340573761,123.09034648870876,123.16944885253906,4468700
ABT,2025-12-30,123.03102438753356,124.7811208242841,122.96181170457997,124.3658447265625,5271100
ABT,2025-12-31,124.46471824691336,124.82067134123955,123.83191442224832,123.88135528564453,3157100
ABT,2026-01-02,123.29797699610816,123.84179628466494,122.2498971421073,122.79371643066406,5014200
ABT,2026-01-05,122.2400183998319,125.13707655054944,121.12272576763658,125.02831268310547,6548500
ABT,2026-01-06,125.41392696100678,128.00448040957738,125.12719408607545,126.3433609008789,8327500
ABT,2026-01-07,127.00581468710872,127.15413726732416,124.8503244468983,125.6116714477539,6632300
ABT,2026-01-08,125.6709994396604,126.65976387508157,124.64269136694949,124.76134490966797,4344600
ABT,2026-01-09,124.99865093247263,125.7105571384619,123.82203529987846,124.5042724609375,4317600
ABT,2026-01-12,124.97887702263932,125.1865150719775,122.06203956319358,123.23866271972656,5524300
ABT,2026-01-13,123.14967793957221,123.26832394257409,120.8260931325633,122.9024887084961,5169800
ABT,2026-01-14,122.28946086815093,123.68360425626113,121.60721615316812,123.59461975097656,7187800
ABT,2026-01-15,123.62442825256106,123.64430022632096,122.23315505266895,122.75984954833984,7079500
ABT,2026-01-16,122.46172145482008,122.72009501652245,120.7822553946107,121.00088500976562,10418200
ABT,2026-01-20,120.61331976399325,120.74250654771345,119.50029969022668,120.38475036621094,12634000
ABT,2026-01-21,120.95119610884603,121.72633197302363,119.57980247082637,119.97731018066406,12557300
ABT,2026-01-22,106.85960042377462,113.2892642667429,105.1205108407325,107.93286895751953,37099400
ABT,2026-01-23,107.59498139952416,109.36389026044864,105.41864023050884,106.75028228759766,21813100
ABT,2026-01-26,107.07822810831202,109.70176831110162,106.91922199574113,108.09186553955078,19094200
ABT,2026-01-27,107.33661239416186,108.6682545077168,106.29315559988216,107.59498596191406,16594500
ABT,2026-01-28,107.12792168072664,107.95274126619748,104.61368864984352,105.38883209228516,15120500
ABT,2026-01-29,105.77639758352952,106.49190992508215,104.68324951625254,105.42857360839844,15687900
ABT,2026-01-30,105.3987628530206,108.79744650748735,105.02113470555932,108.61856842041016,17531400
ABT,2026-02-02,108.54900429956346,110.3079658239955,108.19124812818258,108.7278823852539,11447200
ABT,2026-02-03,106.33290621226023,108.43969175639145,105.58758210329579,108.3403091430664,14645400
ABT,2026-02-04,108.51918661554771,109.04588868495784,106.96891490390038,107.52542114257812,13163500
ABT,2026-02-05,108.47944354884423,109.45332947443241,107.23723669755294,108.39994049072266,13555100
ABT,2026-02-06,109.41357831692062,110.36759227213253,108.27074649348599,110.13903045654297,9919600
ABT,2026-02-09,109.54277358448454,110.57628302477129,108.81732143888719,110.37753295898438,11719900
ABT,2026-02-10,110.48684606365907,112.04705755966461,110.30796797448134,111.57998657226562,10513000
ABT,2026-02-11,111.04334849583533,113.02094718664122,110.68559232975127,112.8818130493164,9306500
ABT,2026-02-12,112.5439410206127,113.05076354017393,110.73528814368706,110.77503967285156,11541000
ABT,2026-02-13,111.07316307058232,112.4048127408315,110.70547469963313,111.97749328613281,7696700
ABT,2026-02-17,112.48431417509235,112.88181429126699,111.23216758002178,111.56011199951172,6568900
ABT,2026-02-18,111.22223299290614,112.6731297137721,110.9340400879505,112.58369445800781,7824400
ABT,2026-02-19,112.30543453799785,112.69300245319197,111.2818573475196,111.49054718017578,6988400
ABT,2026-02-20,111.49054977966375,111.93774120552092,110.48684453858596,111.51042175292969,7099000
ABT,2026-02-23,111.58992402823468,114.591092371076,111.35142244156955,114.57122039794922,9144500
ABT,2026-02-24,114.3426495294714,114.65072197267139,113.11038250215732,113.86564636230469,9017200
ABT,2026-02-25,114.19359148032602,115.29666415436539,113.63707767277243,114.04452514648438,6529600
ABT,2026-02-26,114.60103714211738,115.84324401695902,113.79608951340529,115.5351791381836,7855600
ABT,2026-02-27,114.98860160672012,116.09168188480182,114.76997199026015,115.6246109008789,13233300
ABT,2026-03-02,114.83953302312176,115.12772591355993,112.92156540055852,113.40851593017578,7700200
ABT,2026-03-03,112.29549771037581,113.71658263069178,111.92780175832594,112.90169525146484,6708000
ABT,2026-03-04,112.95138839868854,113.23957371665118,111.33154580957827,112.3948745727539,4613500
ABT,2026-03-05,111.25203990872163,111.30173121431666,109.8309550015514,110.34771728515625,8008900
ABT,2026-03-06,110.02971711214954,110.02971711214954,107.6645503753881,108.87694549560547,11100400
ABT,2026-03-09,108.73781933638394,112.03712049754137,108.26081614156764,111.94768524169922,13560800
ABT,2026-03-10,111.57998887387072,111.74892718884863,109.11545468528396,109.86077880859375,8746100
ABT,2026-03-11,109.31420358670813,110.05952770207205,108.28068657025068,109.5626449584961,8002200
ABT,2026-03-12,109.09557219016344,110.48684536588937,107.39623414462156,107.4657974243164,10839800
ABT,2026-03-13,108.70800511715929,109.62226753799763,107.02853903183643,107.35648345947266,8828900
ABT,2026-03-16,108.13161907173522,109.41357744623916,107.85336595140795,109.26451110839844,7442200
ABT,2026-03-17,109.41357784122555,111.16260720909096,109.23469975153671,110.019775390625,9452200
ABT,2026-03-18,108.8173191408355,109.26451057032656,107.07822956552535,107.81361389160156,8241400
ABT,2026-03-19,108.0521205872475,109.08562998202105,106.47202958105751,106.52172088623047,10466000
ABT,2026-03-20,106.37265675445587,107.1179808565063,104.74288199118526,104.80250549316406,81271300
ABT,2026-03-23,106.4024725905464,106.47203587280202,103.450987820018,104.1963119506836,8227800
ABT,2026-03-24,103.44104374552461,103.60004985940681,101.77152504073445,103.4112319946289,11794300
ABT,2026-03-25,104.79256712487367,105.16026308295527,103.60005157828684,104.17643737792969,6377000
ABT,2026-03-26,103.73917458929029,105.31926559536625,103.351606670821,103.91805267333984,6212300
ABT,2026-03-27,104.24599737540704,104.8025036020442,103.03360231152293,103.34166717529297,10915000
ABT,2026-03-30,104.10687678718847,104.1168089833559,101.18520376618669,101.24482727050781,10476700
ABT,2026-03-31,101.90071281475159,103.0336048507996,100.25105848538021,102.02989959716797,12442100
ABT,2026-04-01,102.19883805793532,103.14291981057556,101.57276853662316,101.74170684814453,7452500
ABT,2026-04-02,101.38395383585205,102.82491837219902,100.91689041561801,102.2286605834961,5453400
ABT,2026-04-06,101.8708983917877,102.43734439495547,101.21500955557833,101.6622085571289,7125800
ABT,2026-04-07,101.19513702392578,102.2286539959318,100.81750130267959,101.19513702392578,13311000
ABT,2026-04-08,102.48703295011758,103.19260554298886,100.67838004931018,102.91435241699219,9379300
ABT,2026-04-09,102.35784296103691,102.67584760676891,101.28457443850556,102.07958984375,6198700
ABT,2026-04-10,102.0696535280615,102.12927703183698,98.72066106580526,99.6746826171875,11944800
ABT,2026-04-13,99.50573440763581,100.27093807017388,98.43247345547381,100.06224822998047,11199500
ABT,2026-04-14,99.7740567134669,101.54295807259379,99.7740567134669,100.42000579833984,11689900
ABT,2026-04-15,100.7699966430664,102.4800033569336,100.62999725341797,101.55999755859375,12657200
ABT,2026-04-16,97.12999725341797,99.0,93.91999816894531,95.47000122070312,27791200
ABT,2026-04-17,95.62000274658203,97.13999938964844,94.87000274658203,96.80999755859375,17559900
ABT,2026-04-20,96.5,97.31999969482422,95.48999786376953,96.0,9412700
ABT,2026-04-21,95.5999984741211,95.91000366210938,92.66000366210938,92.72000122070312,17164300
ABT,2026-04-22,92.62000274658203,94.04000091552734,91.58999633789062,91.69999694824219,11984000
ABT,2026-04-23,91.61000061035156,92.48999786376953,90.72000122070312,92.4800033569336,13008000
ABT,2026-04-24,92.1500015258789,92.66000366210938,91.05000305175781,91.12999725341797,12802000
ABT,2026-04-27,91.62000274658203,93.26000213623047,90.87999725341797,92.80000305175781,15203900
ABT,2026-04-28,93.83999633789062,94.79000091552734,93.2699966430664,93.86000061035156,11550800
ABT,2026-04-29,93.6500015258789,93.72000122070312,91.33000183105469,91.33000183105469,9010500
ABT,2026-04-30,91.4800033569336,91.4800033569336,90.29000091552734,90.79000091552734,19655500
ABT,2026-05-01,91.0,91.0,89.13999938964844,89.45999908447266,12860900
ABT,2026-05-04,89.18000030517578,89.72000122070312,87.30000305175781,87.54000091552734,14722500
ABT,2026-05-05,87.30999755859375,87.83000183105469,86.16000366210938,87.16999816894531,17193400
ABT,2026-05-06,87.55000305175781,87.69000244140625,86.1500015258789,86.30000305175781,12456300
ABT,2026-05-07,86.31999969482422,88.30000305175781,86.25,87.01000213623047,13272900
ABT,2026-05-08,87.16000366210938,87.30999755859375,84.08000183105469,84.31999969482422,10913500
ABT,2026-05-11,84.44000244140625,84.44000244140625,81.97000122070312,82.55999755859375,16460500
ABT,2026-05-12,83.41999816894531,85.0999984741211,83.08999633789062,84.3499984741211,16392500
ABT,2026-05-13,83.4000015258789,84.26000213623047,82.69000244140625,83.83000183105469,11826700
ABT,2026-05-14,84.18000030517578,85.2699966430664,84.05000305175781,84.9000015258789,11018400
ABT,2026-05-15,85.88999938964844,86.4800033569336,84.12999725341797,84.47000122070312,13208600
ABT,2026-05-18,84.86000061035156,87.91999816894531,84.4000015258789,87.91000366210938,12347000
ABT,2026-05-19,88.36000061035156,89.33999633789062,87.41000366210938,88.81999969482422,11693500
ABT,2026-05-20,88.19999694824219,88.79000091552734,87.0999984741211,88.37999725341797,7834400
ABT,2026-05-21,88.5999984741211,88.5999984741211,86.83000183105469,87.7699966430664,8524200
ABT,2026-05-22,87.91999816894531,88.83999633789062,87.05000305175781,87.41000366210938,9516400
ABT,2026-05-26,86.83000183105469,86.95999908447266,85.80999755859375,86.66999816894531,10249200
